,Media Sources,Date,Text,Compound,Positive,Neutral,Negative,Tweet Count
0,@BBCNews,Sun Jul 15 02:13:35 +0000 2018,Cuba to recognise private property under new constitution https://t.co/1ZJw2dPa6y,0.0,0.0,1.0,0.0,0
1,@BBCNews,Sun Jul 15 01:03:24 +0000 2018,Heatwave causes spike in insect bite calls to NHS https://t.co/OvulqhHuIL,0.0,0.0,1.0,0.0,1
2,@BBCNews,Sun Jul 15 00:42:30 +0000 2018,'Why I keep my vasectomy a secret' https://t.co/mEeTWg9TVk,0.0,0.0,1.0,0.0,2
3,@BBCNews,Sun Jul 15 00:39:59 +0000 2018,Haiti Prime Minister Jack Guy Lafontant resigns https://t.co/RViI5ZJw0T,-0.3182,0.0,0.753,0.247,3
4,@BBCNews,Sun Jul 15 00:33:00 +0000 2018,Trump to leave UK after two-night stay https://t.co/waIcugVFDy,-0.0516,0.0,0.854,0.146,4
5,@BBCNews,Sun Jul 15 00:27:34 +0000 2018,Govia Thameslink Railway introduces third timetable in two months https://t.co/tbn398cRpu,0.0,0.0,1.0,0.0,5
6,@BBCNews,Sat Jul 14 22:30:34 +0000 2018,Newspaper headlines: PM warns 'there may be no Brexit' https://t.co/lQ0MfNZJ77,-0.3818,0.0,0.69,0.31,6
7,@BBCNews,Sat Jul 14 21:33:57 +0000 2018,PM Theresa May warns party not to put Brexit at risk https://t.co/UBOINvUImO,0.0516,0.178,0.592,0.23,7
8,@BBCNews,Sat Jul 14 21:17:01 +0000 2018,World Cup final 2018: France v Croatia - your guide to Sunday's match https://t.co/AXppFru9G9,0.0,0.0,1.0,0.0,8
9,@BBCNews,Sat Jul 14 19:53:03 +0000 2018,Eden Hazard: Chelsea forward says it 'might be time for something different' https://t.co/rXJy7qqUcW,0.0,0.0,1.0,0.0,9
10,@BBCNews,Sat Jul 14 19:38:15 +0000 2018,Minister Andrew Griffiths resigns over texts to women https://t.co/lGGK9j5qXi,-0.3182,0.0,0.777,0.223,10
11,@BBCNews,Sat Jul 14 19:30:59 +0000 2018,Wave of Israeli Gaza strikes amid surge in rocket attacks https://t.co/4W5ZEaRWto,-0.6597,0.0,0.625,0.375,11
12,@BBCNews,Sat Jul 14 18:24:03 +0000 2018,Large grass fire tackled near Heathrow https://t.co/h1XFyc1Gdf,-0.34,0.0,0.714,0.286,12
13,@BBCNews,Sat Jul 14 18:21:32 +0000 2018,England v India: Joe Root's ton helps hosts level ODI series https://t.co/VhoxO0OMbK,0.3818,0.206,0.794,0.0,13
14,@BBCNews,Sat Jul 14 17:16:59 +0000 2018,"RT @BBCWorld: Mon dieu! ü§¶‚Äç‚ôÄÔ∏è

#BastilleDay went off with a bang - for these police motorcyclists

https://t.co/jh88YrDQA4 #14juillet https:‚Ä¶",0.0,0.0,1.0,0.0,14
15,@BBCNews,Sat Jul 14 17:06:23 +0000 2018,Autistic boy's mum praises 'lovely' school prom classmates https://t.co/KkrBN5beHd,0.5267,0.298,0.702,0.0,15
16,@BBCNews,Sat Jul 14 16:48:37 +0000 2018,Is Russia the real winner of World Cup 2018? https://t.co/Gzn3gkKL1r,0.5859,0.297,0.703,0.0,16
17,@BBCNews,Sat Jul 14 16:33:56 +0000 2018,Wimbledon 2018: Angeligue Kerber beats Serena Williams to win title https://t.co/AiqRmK0qjJ,0.5859,0.275,0.725,0.0,17
18,@BBCNews,Sat Jul 14 16:22:54 +0000 2018,"RT @5liveSport: History for Angelique Kerber! üëè

The German beats Serena Williams 6-3, 6-3 to win her first ever #Wimbledon singles title!‚Ä¶",0.658,0.18,0.82,0.0,18
19,@BBCNews,Sat Jul 14 16:22:11 +0000 2018,Reality Check: is London's murder rate still higher than New York's? https://t.co/EDqS4bkt1m,-0.6908,0.0,0.701,0.299,19
20,@BBCNews,Sat Jul 14 16:17:28 +0000 2018,British teenager dies in Magaluf balcony fall https://t.co/YeZ1wD1jWr,0.0,0.0,1.0,0.0,20
21,@BBCNews,Sat Jul 14 16:04:21 +0000 2018,Dog poo in Clevedon's Marine Lake causes ear infections https://t.co/UlMulVTx3y,0.0,0.0,1.0,0.0,21
22,@BBCNews,Sat Jul 14 15:59:53 +0000 2018,World Cup 2018: England finish fourth after Belgium defeat https://t.co/cjulTH4qCh,-0.4588,0.0,0.75,0.25,22
23,@BBCNews,Sat Jul 14 15:52:09 +0000 2018,"RT @BBCSport: FT Belgium 2-0 England

England leave Russia with their heads held high and their joint-best #worldcup finish since '66.

Bel‚Ä¶",-0.0516,0.0,0.946,0.054,23
24,@BBCNews,Sat Jul 14 15:41:55 +0000 2018,"RT @BBCSport: GOAL

That might just settle it.

Eden Hazard races past Phil Jones and makes it Belgium 2-0 England

Live üëâ https://t.co/zMI‚Ä¶",0.0,0.0,1.0,0.0,24
25,@BBCNews,Sat Jul 14 15:19:24 +0000 2018,"RT @bbctennis: A royal standing ovation.

But who will be crowned the queen of Wimbledon 2018?

#bbctennis #wimbledon https://t.co/Z5an2Giy‚Ä¶",0.0,0.0,1.0,0.0,25
26,@BBCNews,Sat Jul 14 15:06:50 +0000 2018,"RT @5liveSport: Two changes for #ENG as we get back under way in Saint Petersburg 

Lingard üîÑ Rose

Rashford üîÑ  Sterling

They trail #BEL b‚Ä¶",0.0,0.0,1.0,0.0,26
27,@BBCNews,Sat Jul 14 15:02:51 +0000 2018,100 Women: 'I was a World Cup honey shot' https://t.co/xPKeWpZkVp,0.0,0.0,1.0,0.0,27
28,@BBCNews,Sat Jul 14 14:55:37 +0000 2018,"I subscribe, therefore I am? https://t.co/ydo4UoqmMi",0.0,0.0,1.0,0.0,28
29,@BBCNews,Sat Jul 14 14:47:49 +0000 2018,"RT @BBCSport: HT Belgium 1-0 England

Roberto Martinez's #BEL lead through Thomas Meunier - and you have to say they deserve it.
üëâ https://‚Ä¶",0.0,0.0,1.0,0.0,29
30,@BBCNews,Sat Jul 14 14:32:40 +0000 2018,"RT @5liveSport: It's all over!

After over 5hrs 16mins (and an overnight break) on court, Novak Djokovic will face Kevin Anderson in Sunday‚Ä¶",0.0,0.0,1.0,0.0,30
31,@BBCNews,Sat Jul 14 14:30:49 +0000 2018,X Factor winner Louisa Johnson splits from Simon Cowell‚Äôs label https://t.co/T8GeHm0TSG,0.5859,0.297,0.703,0.0,31
32,@BBCNews,Sat Jul 14 14:18:28 +0000 2018,Wimbledon 2018: Gordon Reid &amp; Alfie Hewett win wheelchair doubles title https://t.co/DAX3I3tXX4,0.5859,0.257,0.743,0.0,32
33,@BBCNews,Sat Jul 14 14:16:34 +0000 2018,"An impressive delivery... thank goodness he didn't get dismissed
 üíçüèè https://t.co/RyX96Qm1ws",0.8316,0.524,0.476,0.0,33
34,@BBCNews,Sat Jul 14 14:15:59 +0000 2018,World Cup Final blamed Sunday rail disruption https://t.co/AxH3MqsXNn,-0.6808,0.0,0.517,0.483,34
35,@BBCNews,Sat Jul 14 14:05:17 +0000 2018,"RT @BBCSport: GOAL!

Three-and-a-half minutes on the clock.

Nacer Chadli crosses to Thomas Meunier, who makes no mistake.

Belgium 1-0 Eng‚Ä¶",-0.5983,0.0,0.795,0.205,35
36,@BBCNews,Sat Jul 14 14:00:26 +0000 2018,"RT @BBCSport: Here we go!

A chance for England to take home the bronze medal and secure their best #worldcup finish since 1966.

Under way‚Ä¶",0.8999,0.375,0.625,0.0,36
37,@BBCNews,Sat Jul 14 13:49:14 +0000 2018,Saudi Arabia woman 'arrested for hugging' singer Majid al-Mohandis https://t.co/UR1gaYgXRx,-0.0772,0.201,0.576,0.223,37
38,@BBCNews,Sat Jul 14 13:46:51 +0000 2018,France restricts access to Mont Blanc amid safety fears https://t.co/nCHi4iIfOn,-0.3182,0.188,0.47,0.342,38
39,@BBCNews,Sat Jul 14 13:16:03 +0000 2018,RT @Frankie_Mack: #BREAKING President Donald Trump waving a protestors who are calling him racist as he plays golf at #Turnberry @realDonal‚Ä¶,-0.4588,0.083,0.75,0.167,39
40,@BBCNews,Sat Jul 14 13:12:45 +0000 2018,"Trump tees off at Turnberry as thousands protest

https://t.co/CY1qQ6OjVO #TrumpVisitUK https://t.co/cJdCUAUMkk",-0.25,0.0,0.833,0.167,40
41,@BBCNews,Sat Jul 14 13:09:11 +0000 2018,"RT @Tara_Mckelvey: I‚Äôm traveling with Trump, and I saw only a few protestors in London. That night in Glasgow, a colleague showed me a stun‚Ä¶",0.0,0.0,1.0,0.0,41
42,@BBCNews,Sat Jul 14 12:56:15 +0000 2018,RT @BBCSport: Britain's Gordon Reid and Alfie Hewett won a third successive #Wimbledon wheelchair doubles title by beating Germany's Joachi‚Ä¶,0.4215,0.234,0.645,0.121,42
43,@BBCNews,Sat Jul 14 12:29:39 +0000 2018,RT @BBCRosAtkins: A close encounter. President Trump just passed me on the first hole here at Turnberry. https://t.co/UwAKYVsWa3,0.0,0.0,1.0,0.0,43
44,@BBCNews,Sat Jul 14 11:56:54 +0000 2018,"RT @bbctennis: Meghan Markle has arrived!

The crowd shouted her name as she made her way to Centre Court. She waved üëã

üíªüì± https://t.co/Xg5‚Ä¶",0.0,0.0,1.0,0.0,44
45,@BBCNews,Sat Jul 14 11:56:32 +0000 2018,"RT @BBCSport: They've done it! üôå

Alfie Hewett and Gordon Reid have won the #Wimbledon wheelchair doubles title for the third time! üëè

LIVE‚Ä¶",0.6467,0.169,0.831,0.0,45
46,@BBCNews,Sat Jul 14 11:56:23 +0000 2018,"RT @BBCScotlandNews: Liam Fox says that protesters against Donald Trump's visit to Britain were ""an embarrassment to themselves""  https://t‚Ä¶",-0.5859,0.0,0.78,0.22,46
47,@BBCNews,Sat Jul 14 11:33:38 +0000 2018,"There she goes! üåäüö¢

The RRS Sir David Attenborough - the UK's polar ship known to some as Boaty McBoatface - is lau‚Ä¶ https://t.co/DMpp054UlM",0.0,0.0,1.0,0.0,47
48,@BBCNews,Sat Jul 14 11:29:51 +0000 2018,Dozens hurt as Ryanair flight loses cabin pressure https://t.co/4nlRXAvWBq,-0.7845,0.0,0.432,0.568,48
49,@BBCNews,Sat Jul 14 11:10:42 +0000 2018,Jorginho: Napoli midfielder joins Chelsea on five-year deal https://t.co/oxmrrOlbdT,0.0,0.0,1.0,0.0,49
50,@BBCNews,Sat Jul 14 11:01:13 +0000 2018,Nazanin Zaghari-Ratcliffe: Boris Johnson exit 'a setback' https://t.co/bXNsHTd4Zc,0.0,0.0,1.0,0.0,50
51,@BBCNews,Sat Jul 14 10:58:32 +0000 2018,In pictures: France marks Bastille Day with spectacular parade https://t.co/GMxgaRjNNS,0.0,0.0,1.0,0.0,51
52,@BBCNews,Sat Jul 14 10:53:32 +0000 2018,Gerry Adams calls on home attackers to meet him https://t.co/UVzLBDhfQy,-0.5719,0.0,0.709,0.291,52
53,@BBCNews,Sat Jul 14 10:12:22 +0000 2018,"Camberwell stabbing: Man, 21, charged with death of girl, 17 https://t.co/6NRuFimswB",-0.6908,0.0,0.612,0.388,53
54,@BBCNews,Sat Jul 14 10:07:22 +0000 2018,Everyone makes same joke after longest Wimbledon semi-final https://t.co/6Zw4DySaP9,0.296,0.216,0.784,0.0,54
55,@BBCNews,Sat Jul 14 09:31:23 +0000 2018,"RT @BBCWorld: Bonne #F√™teNationale!

France marks #BastilleDay with parades in Paris üá´üá∑ #14juillet https://t.co/teJKH5dXo8",0.0,0.0,1.0,0.0,55
56,@BBCNews,Sat Jul 14 09:09:24 +0000 2018,Classic Aston Martin sells for record ¬£10m at auction https://t.co/IbiKJ07TEh,0.0,0.0,1.0,0.0,56
57,@BBCNews,Sat Jul 14 09:06:52 +0000 2018,British Fencing: Crowdfunding appeal for Tokyo 2020 raises just ¬£170 in first month https://t.co/LQWbRLEn0O,0.0,0.0,1.0,0.0,57
58,@BBCNews,Sat Jul 14 08:52:31 +0000 2018,Huge iceberg threatens Greenland village https://t.co/ikF4WvOMak,-0.0772,0.258,0.449,0.292,58
59,@BBCNews,Sat Jul 14 08:38:08 +0000 2018,Toddler dies after van crash on parkland in Birmingham https://t.co/d1gXzwDQls,-0.4019,0.0,0.769,0.231,59
60,@BBCNews,Sat Jul 14 08:30:55 +0000 2018,"RT @BBCScotlandNews: Donald Trump to play golf at Turnberry as protests against his visit to the UK continue
https://t.co/mecSpIthaM https:‚Ä¶",0.128,0.108,0.807,0.085,60
61,@BBCNews,Sat Jul 14 08:17:32 +0000 2018,"RT @BBCSport: Former Napoli boss Maurizio Sarri has been appointed as Chelsea's new manager on a three-year contract.

üëâ https://t.co/qNZbg‚Ä¶",0.0,0.0,1.0,0.0,61
62,@BBCNews,Sat Jul 14 08:11:36 +0000 2018,"Nancy Sinatra Senior, Frank's first wife, dies aged 101 https://t.co/zUjd1AA9CB",0.0,0.0,1.0,0.0,62
63,@BBCNews,Sat Jul 14 07:54:39 +0000 2018,"RT @BBCWorld: Saved by their smell üëÉ

How #ThaiCaveRescue divers sniffed out the Wild Boars  

https://t.co/rYEl75IIIK https://t.co/9XTbT6t‚Ä¶",0.4215,0.157,0.843,0.0,63
64,@BBCNews,Sat Jul 14 07:33:16 +0000 2018,"RT @BBCMOTD: Today, England chase their best #WorldCup finish since 1966 üè¥Û†ÅßÛ†Å¢Û†Å•Û†ÅÆÛ†ÅßÛ†Åø

#BELENG https://t.co/SjIYzfDTCt",0.6369,0.244,0.756,0.0,64
65,@BBCNews,Sat Jul 14 07:11:23 +0000 2018,The eye doctor who could not see the stars https://t.co/5FSSse2hyO,0.0,0.0,1.0,0.0,65
66,@BBCNews,Sat Jul 14 06:56:59 +0000 2018,Serena Williams: Wimbledon finalist at 36 and a mum - how has she done it? https://t.co/BDiQkO6nFC,0.0,0.0,1.0,0.0,66
67,@BBCNews,Sat Jul 14 06:49:49 +0000 2018,Sir David Attenborough polar ship set for launch https://t.co/zvFNvJfZ4B,0.0,0.0,1.0,0.0,67
68,@BBCNews,Sat Jul 14 06:45:06 +0000 2018,Eritrea's Isaias Afwerki in historic Ethiopia visit https://t.co/GLhBCNO7oW,0.0,0.0,1.0,0.0,68
69,@BBCNews,Sat Jul 14 06:39:52 +0000 2018,US lawmaker caught speeding tells cop he often does so https://t.co/s4MM16SpMk,0.0,0.0,1.0,0.0,69
70,@BBCNews,Sat Jul 14 06:37:29 +0000 2018,"Horse sense: Happiest equines love to snort, says study https://t.co/MItTJzSqeh",0.8555,0.512,0.488,0.0,70
71,@BBCNews,Sat Jul 14 06:25:00 +0000 2018,Video games and mental health: 'Nobody's properly talking' https://t.co/p15DmyRk2y,0.0,0.0,1.0,0.0,71
72,@BBCNews,Sat Jul 14 03:07:02 +0000 2018,Trump to play golf at Turnberry as protests continue https://t.co/SWHKeIaIlD,0.128,0.195,0.65,0.154,72
73,@BBCNews,Sat Jul 14 02:33:01 +0000 2018,White House: Trump-Putin summit 'is on' after hacking indictment https://t.co/cTbUBxUvih,0.0,0.0,1.0,0.0,73
74,@BBCNews,Sat Jul 14 01:27:46 +0000 2018,Wittenoom: Tourists urged to stay away from asbestos town https://t.co/94vDN6A1Ez,0.0,0.0,1.0,0.0,74
75,@BBCNews,Sat Jul 14 01:20:30 +0000 2018,British POWs sank with the Lisbon Maru - should it be raised? https://t.co/Iwt2EZDL3a,0.0,0.0,1.0,0.0,75
76,@BBCNews,Sat Jul 14 00:55:45 +0000 2018,The full story of Thailand‚Äôs extraordinary cave rescue https://t.co/AuBOdKBcmq,0.5106,0.292,0.708,0.0,76
77,@BBCNews,Sat Jul 14 00:24:49 +0000 2018,'Explosive' thrown at Gerry Adams' house https://t.co/6udne6T9iP,0.0,0.0,1.0,0.0,77
78,@BBCNews,Sat Jul 14 00:19:10 +0000 2018,Trump arrives in Scotland amid protests https://t.co/zgdfZFrrCI,-0.2263,0.0,0.759,0.241,78
79,@BBCNews,Fri Jul 13 23:01:37 +0000 2018,Newspaper headlines: Trump's 'fake schmooze' over trade deal https://t.co/1fMHozh4ER,-0.4767,0.0,0.721,0.279,79
80,@BBCNews,Fri Jul 13 21:48:19 +0000 2018,Scarlett Johansson quits trans role after LGBT backlash https://t.co/c5mYtHsEUa,0.0,0.0,1.0,0.0,80
81,@BBCNews,Fri Jul 13 20:07:34 +0000 2018,Pakistan election: More than 100 die in bomb attacks on poll rallies https://t.co/uqurwHAuU5,-0.8824,0.0,0.493,0.507,81
82,@BBCNews,Fri Jul 13 19:13:41 +0000 2018,Trump May meeting: The Wacky Races of press conferences https://t.co/huy3vkpiZU,0.0,0.0,1.0,0.0,82
83,@BBCNews,Fri Jul 13 19:08:49 +0000 2018,Wimbledon 2018: Kevin Anderson beats John Isner in record-breaking semi-final https://t.co/g5YRslPVPd,0.0,0.0,1.0,0.0,83
84,@BBCNews,Fri Jul 13 17:59:32 +0000 2018,RT @BBCJonSopel: Meet Dick Dastardly and Penelope Pitstop. My blog on another extraordinary day. #TrumpVisitUK  https://t.co/M80Ot4wbPA,-0.5106,0.0,0.82,0.18,84
85,@BBCNews,Fri Jul 13 17:57:32 +0000 2018,"Grenfell Tower fire: Two jailed for ¬£125,000 relief fraud https://t.co/FNxyk74GnX",-0.743,0.168,0.324,0.508,85
86,@BBCNews,Fri Jul 13 17:56:57 +0000 2018,"Jeremy Corbyn says it's not Trump's business who's the British PM, after the US president's endorsement of Boris Jo‚Ä¶ https://t.co/iqv0TQH6Ej",0.3182,0.108,0.892,0.0,86
87,@BBCNews,Fri Jul 13 17:54:46 +0000 2018,John Surtees' 'very special' 1957 BMW sells for ¬£4m https://t.co/J5w7ShQKbE,0.4576,0.25,0.75,0.0,87
88,@BBCNews,Fri Jul 13 17:32:43 +0000 2018,"RT @BBCLookNorth: There's a large rally against Donald Trump taking place in Sheffield. 

Read more: https://t.co/32ZcFAKT5d https://t.co/c‚Ä¶",0.0,0.0,1.0,0.0,88
89,@BBCNews,Fri Jul 13 17:22:33 +0000 2018,"RT @BBCSport: All of England's 2018 #worldcup magic moments
https://t.co/69x5UKi0Oz  #bbcworldcupmoments",0.0,0.0,1.0,0.0,89
90,@BBCNews,Fri Jul 13 17:16:56 +0000 2018,"RT @bbctennis: FIVE hours!

Isner &amp; Anderson are leaving it all out there on Centre Court.

üì∫ @BBCTwo 
üìª @5liveSport
üíªüì± https://t.co/ldFFv9‚Ä¶",0.0,0.0,1.0,0.0,90
91,@BBCNews,Fri Jul 13 17:15:46 +0000 2018,ü¶Åü¶Åü¶Å https://t.co/uXbMUa477s,0.0,0.0,1.0,0.0,91
92,@BBCNews,Fri Jul 13 17:15:17 +0000 2018,Russians indicted over US election hack https://t.co/bLMBcltdNE,0.0,0.0,1.0,0.0,92
93,@BBCNews,Fri Jul 13 17:14:48 +0000 2018,"RT @bbctennis: Gordon Reid and Alfie Hewett are Wimbledon finalists once again!

The British pair have won their men's wheelchair semi-fina‚Ä¶",0.6114,0.166,0.834,0.0,93
94,@BBCNews,Fri Jul 13 17:11:54 +0000 2018,US President Donald Trump flies away from Windsor Castle in Marine One after meeting the Queen. He's due to fly to‚Ä¶ https://t.co/6pKWSzhp51,0.0,0.0,1.0,0.0,94
95,@BBCNews,Fri Jul 13 17:06:35 +0000 2018,US President Donald Trump and his wife Melania leave Windsor Castle after meeting the Queen‚Ä¶ https://t.co/OCP6ooK7yu,-0.0516,0.0,0.926,0.074,95
96,@BBCNews,Fri Jul 13 16:55:40 +0000 2018,RT @BBCNewsGraphics: The Queen has seen plenty of world leaders come and go - Donald Trump is the 13th US President during her reign https:‚Ä¶,0.0,0.0,1.0,0.0,96
97,@BBCNews,Fri Jul 13 16:51:27 +0000 2018,#PlaneBae: A cautionary tale about privacy when a story goes viral https://t.co/mYMdEYjf5J,0.0,0.0,1.0,0.0,97
98,@BBCNews,Fri Jul 13 16:49:15 +0000 2018,Three Lions breaks chart record https://t.co/c0En0n4Wsw,0.0,0.0,1.0,0.0,98
99,@BBCNews,Fri Jul 13 16:48:24 +0000 2018,RT @BBCBreaking: Former PM Nawaz Sharif arrested on return to Pakistan as elsewhere scores die in blasts targeting election rallies https:/‚Ä¶,-0.7906,0.0,0.731,0.269,99
100,@CBSNews,Sun Jul 15 02:18:03 +0000 2018,"Papa John's dumped by sports teams, schools over Schnatter comments https://t.co/2Of9haH1Kx https://t.co/hGVDdqVEKf",-0.4019,0.0,0.803,0.197,0
101,@CBSNews,Sun Jul 15 02:03:04 +0000 2018,Man seen on video berating woman over Puerto Rico shirt charged with felony hate crimes https://t.co/NRrAgsQhkO https://t.co/DDdElf0gvV,-0.8402,0.0,0.609,0.391,1
102,@CBSNews,Sun Jul 15 01:48:04 +0000 2018,"Roger Stone says he's ""probably"" the unnamed person in Russian hacking indictment https://t.co/JKGYAWha0b https://t.co/55OxBZCE24",0.0,0.0,1.0,0.0,2
103,@CBSNews,Sun Jul 15 01:40:07 +0000 2018,Second-generation firefighter killed battling Ferguson fire near Yosemite National Park https://t.co/OrdC0odE93 https://t.co/3rhKJVGSNR,-0.8402,0.0,0.5,0.5,3
104,@CBSNews,Sun Jul 15 01:33:03 +0000 2018,"Baby dead after being left in hot car in south Florida, police say https://t.co/ZeXwKgHK9Z https://t.co/bKb2KPsJXQ",-0.6486,0.0,0.765,0.235,4
105,@CBSNews,Sun Jul 15 01:18:03 +0000 2018,"Nancy Sinatra Sr., Frank Sinatra's first wife, dead at 101 https://t.co/p5PC5MjRB4 https://t.co/eTPdrHJdei",-0.6486,0.0,0.719,0.281,5
106,@CBSNews,Sun Jul 15 01:03:03 +0000 2018,"Hyundai union warns Trump tariffs could cost 20,000 U.S. jobs https://t.co/zyOnS8QEDa https://t.co/glK6VcJXoD",-0.1027,0.0,0.887,0.113,6
107,@CBSNews,Sun Jul 15 00:48:03 +0000 2018,"Man rescued from Mount Hood after climbing it to kill himself, authorities say https://t.co/BQZ3ORw2sD https://t.co/uoJKQYVGCq",-0.4404,0.137,0.634,0.229,7
108,@CBSNews,Sun Jul 15 00:33:03 +0000 2018,Walmart patents audio surveillance technology to record customers and employees https://t.co/YgOnc7OH8A https://t.co/vBPuE9NhlO,0.0,0.0,1.0,0.0,8
109,@CBSNews,Sun Jul 15 00:26:04 +0000 2018,World Cup 2018: Belgium defeats England for third place https://t.co/4Royze9eXC https://t.co/5d10BPxMlE,-0.3182,0.0,0.813,0.187,9
110,@CBSNews,Sun Jul 15 00:18:05 +0000 2018,Maryland was told its voter registration vendor was financed by a Russian oligarch https://t.co/GXiZjrU0Xa https://t.co/AXRWT885p2,0.0,0.0,1.0,0.0,10
111,@CBSNews,Sun Jul 15 00:03:04 +0000 2018,Angelique Kerber beats Serena Williams to win Wimbledon https://t.co/pF5K7ZEO7b https://t.co/lAguseYhNG,0.5859,0.297,0.703,0.0,11
112,@CBSNews,Sat Jul 14 23:54:05 +0000 2018,"Inside the Trump administration's plan to reunite 2,500 immigrant children with their families‚Ä¶ https://t.co/3NhLGVDu9I",0.0,0.0,1.0,0.0,12
113,@CBSNews,Sat Jul 14 23:48:04 +0000 2018,Report: Vice President Pence family's failed gas stations cost taxpayers $20 million https://t.co/YkW1AkzwyC https://t.co/8JDHtXkO7I,-0.5106,0.0,0.798,0.202,13
114,@CBSNews,Sat Jul 14 23:46:05 +0000 2018,"""We know that elections are always a big juicy target"":  The attempts to crack down on foreign cyber invaders‚Ä¶ https://t.co/4MxoMZigmv",0.0,0.0,1.0,0.0,14
115,@CBSNews,Sat Jul 14 23:33:03 +0000 2018,President Trump responds to Russian hacking indictment by blaming Obama administration https://t.co/H2orCnWFW6 https://t.co/6xtP9C8iqP,-0.4939,0.0,0.789,0.211,15
116,@CBSNews,Sat Jul 14 23:18:03 +0000 2018,Black teen speaks out after woman is charged with attacking him at pool https://t.co/kLevJsJpBL https://t.co/y1A3e4Vici,-0.5859,0.0,0.73,0.27,16
117,@CBSNews,Sat Jul 14 23:03:04 +0000 2018,Israel launches widest Gaza daytime assault since 2014 war https://t.co/JbGn284UzC https://t.co/KimLXMVtJz,-0.8271,0.0,0.539,0.461,17
118,@CBSNews,Sat Jul 14 23:00:19 +0000 2018,British police: Investigators found more than 400 items in Novichok case https://t.co/XwNUSxhCSg https://t.co/3cvYJgz94J,0.0,0.0,1.0,0.0,18
119,@CBSNews,Sat Jul 14 22:40:01 +0000 2018,Will 2019 be the year of the flying car? https://t.co/ssgSvNSVHP https://t.co/baAA0P2PO4,0.0,0.0,1.0,0.0,19
120,@CBSNews,Sat Jul 14 22:20:14 +0000 2018,A mass grave with nearly 100 bodies suspected to be black prisoners has been unearthed in Texas during construction‚Ä¶ https://t.co/gIQBsyMPpk,-0.7783,0.0,0.672,0.328,20
121,@CBSNews,Sat Jul 14 21:59:55 +0000 2018,"The ""Baby Trump"" blimp flew over Edinburgh and demonstrators staged a protest picnic outside of President Trump's S‚Ä¶ https://t.co/8K1pmFaXvR",-0.25,0.0,0.895,0.105,21
122,@CBSNews,Sat Jul 14 21:39:38 +0000 2018,Angelique Kerber won her first Wimbledon championship after defeating Serena Williams https://t.co/POg58meXbC https://t.co/j14aaoTJkl,0.6124,0.344,0.521,0.135,22
123,@CBSNews,Sat Jul 14 21:19:37 +0000 2018,"""The biggest tragedy we've had"": A jaguar escaped from its habitat and killed six animals at the Audubon Zoo in New‚Ä¶ https://t.co/5XP8PAp3Vl",-0.872,0.0,0.681,0.319,23
124,@CBSNews,Sat Jul 14 20:40:10 +0000 2018,WATCH: iPhone records 450-foot drop‚Äî and survives https://t.co/aYIcGo5zvO https://t.co/cXj75nXHCs,0.0,0.0,1.0,0.0,24
125,@CBSNews,Sat Jul 14 20:38:09 +0000 2018,"RT @CBSEveningNews: @jeffglor @FaceTheNation After the president returns from Europe, he will sit down with @jeffglor for a follow-up inter‚Ä¶",0.0,0.0,1.0,0.0,25
126,@CBSNews,Sat Jul 14 20:36:45 +0000 2018,NEW: @jeffglor interviews President Trump in Scotland ahead of Monday‚Äôs summit with Russian President Vladimir Puti‚Ä¶ https://t.co/iMWEy425WE,0.0,0.0,1.0,0.0,26
127,@CBSNews,Sat Jul 14 20:31:39 +0000 2018,RT @CBSEveningNews: NEW: @jeffglor interviews President Trump in Scotland ahead of Monday‚Äôs summit with Russian President Vladimir Putin; w‚Ä¶,0.0,0.0,1.0,0.0,27
128,@CBSNews,Sat Jul 14 20:20:48 +0000 2018,"Secretary of State Mike Pompeo: ""I am confident that President Trump's meeting with Vladimir Putin will put America‚Ä¶ https://t.co/LotkrKi788",0.4939,0.151,0.849,0.0,28
129,@CBSNews,Sat Jul 14 19:59:37 +0000 2018,The Israeli military carried out its largest daytime airstrike campaign in Gaza since the 2014 war on Saturdayhttps‚Ä¶ https://t.co/xONp2ZYaoE,-0.5994,0.0,0.822,0.178,29
130,@CBSNews,Sat Jul 14 19:40:15 +0000 2018,About 100 supporters of President Trump protested outside of the U.S. Embassy in London on Saturday. Two people --‚Ä¶ https://t.co/TGiSGDWv2S,0.34,0.129,0.804,0.067,30
131,@CBSNews,Sat Jul 14 19:19:32 +0000 2018,A Martha's Vineyard bus driver has been fired for telling a man he wasn't picked up because he's black‚Ä¶ https://t.co/001kPmquQi,-0.5574,0.0,0.825,0.175,31
132,@CBSNews,Sat Jul 14 18:59:53 +0000 2018,"Mexico is pushing the U.S. to quickly reunite separated migrant families and prioritize ""the well-being and rights‚Ä¶ https://t.co/sgbMdSWnOc",0.0,0.0,1.0,0.0,32
133,@CBSNews,Sat Jul 14 18:39:33 +0000 2018,The rise of delivery is changing every aspect of the restaurant business. See what's on the menu for the future‚Ä¶ https://t.co/Tf8mhQ1zqR,0.0,0.0,1.0,0.0,33
134,@CBSNews,Sat Jul 14 18:19:43 +0000 2018,LIVE UPDATES: Protests in Scotland and arrests in London follow President Trump's visits https://t.co/cWJfkFoH2s https://t.co/UWMRWS2lEr,-0.5859,0.0,0.73,0.27,34
135,@CBSNews,Sat Jul 14 18:00:27 +0000 2018,"The ""Trump Baby"" balloon was transported overnight from London to Edinburgh, Scotland, where thousands are protesti‚Ä¶ https://t.co/S7CCcyDCuw",0.0,0.0,1.0,0.0,35
136,@CBSNews,Sat Jul 14 17:40:01 +0000 2018,"From Eisenhower to Trump, take a look at Queen Elizabeth's most memorable moments with U.S. presidents‚Ä¶ https://t.co/3HKo2UexrS",0.0,0.0,1.0,0.0,36
137,@CBSNews,Sat Jul 14 17:19:54 +0000 2018,Trump and Putin are expected to talk about the nuclear arms race between their nations during their summit in Helsi‚Ä¶ https://t.co/FTREeBvZ4a,0.0,0.0,1.0,0.0,37
138,@CBSNews,Sat Jul 14 17:00:01 +0000 2018,DOUBLE DUCHESS: Meghan Markle and Kate Middleton watched the Serena Williams-Angelique Kerber Wimbledon match‚Ä¶ https://t.co/WZmMs6GNaq,0.0,0.0,1.0,0.0,38
139,@CBSNews,Sat Jul 14 16:40:17 +0000 2018,WATCH: A paragliding protester breached a no-fly zone to send a message over President Trump's Scotland golf course‚Ä¶ https://t.co/mwYYfApx6m,0.0,0.0,1.0,0.0,39
140,@CBSNews,Sat Jul 14 16:22:06 +0000 2018,"RT @CBSSunday: SUNDAY FUNDAY 

@JimAxelrod meets with the @MenInBlazers ‚Äì soccer aficionados Michael Davies &amp; Roger Bennett ‚Äì who talk abou‚Ä¶",0.0,0.0,1.0,0.0,40
141,@CBSNews,Sat Jul 14 16:20:24 +0000 2018,The boys rescued from a Thai cave have recorded a series of video messages from their hospital beds. Here‚Äôs what th‚Ä¶ https://t.co/cK8wRim3wU,0.4215,0.128,0.872,0.0,41
142,@CBSNews,Sat Jul 14 15:59:49 +0000 2018,Got $750 for a night in a tent? Welcome to luxurious world of glamping https://t.co/NDudAWvU7L https://t.co/iIziqDlJHj,0.4588,0.188,0.812,0.0,42
143,@CBSNews,Sat Jul 14 15:39:38 +0000 2018,President Trump responds to Russian hacking indictment by blaming Obama administration https://t.co/rop8K6VSx4 https://t.co/7jn7vMcEM3,-0.4939,0.0,0.789,0.211,43
144,@CBSNews,Sat Jul 14 15:00:46 +0000 2018,"Roger Stone says he's ""probably"" the unnamed person in Russian hacking indictment https://t.co/S0vFbA4MfB https://t.co/c9EupDVQxo",0.0,0.0,1.0,0.0,44
145,@CBSNews,Sat Jul 14 14:40:06 +0000 2018,"""It was shocking"": Black teen speaks out after woman, dubbed ""Pool Patrol Paula,"" is charged with attacking him at‚Ä¶ https://t.co/GPPUuA8oNZ",-0.5859,0.0,0.789,0.211,45
146,@CBSNews,Sat Jul 14 14:19:49 +0000 2018,The top state election officials from throughout the U.S. are gathering this weekend in Philadelphia amid fresh rev‚Ä¶ https://t.co/xHKzS949ZO,0.4767,0.194,0.806,0.0,46
147,@CBSNews,Sat Jul 14 14:00:03 +0000 2018,Police are searching for a paraglider who flew over the resort where President Trump is staying in Scotland‚Ä¶ https://t.co/SAEMGuGdvY,0.0,0.0,1.0,0.0,47
148,@CBSNews,Sat Jul 14 13:45:39 +0000 2018,"10,000 people march through capital of Scotland to protest President Trump: https://t.co/JTdNIsCvnZ https://t.co/FrEt4WmIvR",-0.25,0.0,0.857,0.143,48
149,@CBSNews,Sat Jul 14 13:39:55 +0000 2018,"Nancy Sinatra Sr., the childhood sweetheart of Frank Sinatra who became the first of his four wives and the mother‚Ä¶ https://t.co/4IJS91GYZr",0.6486,0.177,0.823,0.0,49
150,@CBSNews,Sat Jul 14 13:20:12 +0000 2018,President Trump is in Scotland ahead of his high-stakes summit with Russian President Putin: https://t.co/jG6MxtyKWu https://t.co/myzzkjhraG,0.0,0.0,1.0,0.0,50
151,@CBSNews,Sat Jul 14 13:03:04 +0000 2018,"""The world has really changed"" when it comes to online dating https://t.co/3EW2UXkRIg https://t.co/Jv3hPLmhiY",0.0,0.0,1.0,0.0,51
152,@CBSNews,Sat Jul 14 12:48:03 +0000 2018,"LeSean McCoy's ex-girlfriend suspected NFL star was involved in her attack, 911 call reveals https://t.co/UQLr7vVrt9 https://t.co/uf4ZYJZuhb",-0.6124,0.0,0.737,0.263,52
153,@CBSNews,Sat Jul 14 12:33:04 +0000 2018,Ticks that carry Lyme disease are spreading fast https://t.co/mrgq8ZuAEJ https://t.co/1I4YBUCgiM,0.0,0.0,1.0,0.0,53
154,@CBSNews,Sat Jul 14 12:30:15 +0000 2018,Police search for paraglider who flew over resort where Trump is staying https://t.co/sHlJQ0UM3R https://t.co/V61Jyunjze,0.0,0.0,1.0,0.0,54
155,@CBSNews,Sat Jul 14 12:18:05 +0000 2018,"Remember the woman with frozen lashes that went viral? She's in the same spot, suffering heat and mosquitoes‚Ä¶ https://t.co/IgbtCslNvZ",-0.4767,0.0,0.853,0.147,55
156,@CBSNews,Sat Jul 14 12:15:10 +0000 2018,Black teen speaks out after woman is charged with attacking him at pool https://t.co/MQ3voduZzB https://t.co/XJWwlKgSiu,-0.5859,0.0,0.73,0.27,56
157,@CBSNews,Sat Jul 14 12:03:04 +0000 2018,"Why so many families are renting, not buying, homes https://t.co/PsITuv2J1R https://t.co/qe6AbMtFaf",0.0,0.0,1.0,0.0,57
158,@CBSNews,Sat Jul 14 11:48:04 +0000 2018,"Woman charged with attempted murder in beating of man, 92, with brick https://t.co/kXpkd9jRji https://t.co/a98gcqX85I",-0.8591,0.0,0.537,0.463,58
159,@CBSNews,Sat Jul 14 11:46:05 +0000 2018,Trump in Scotland ahead of high-stakes summit with Putin https://t.co/QuZHt2m5x9 https://t.co/E0FIYQhdr9,0.0,0.0,1.0,0.0,59
160,@CBSNews,Sat Jul 14 11:33:04 +0000 2018,"Woman harassed over Puerto Rican flag shirt says officer ""blatantly ignored"" her pleas for help‚Ä¶ https://t.co/6RJydwNnHx",-0.7003,0.0,0.707,0.293,60
161,@CBSNews,Sat Jul 14 11:18:03 +0000 2018,Inside the global race to develop hypersonic weapons https://t.co/cQuOCgJSW8 https://t.co/QYD06QVIpr,-0.4404,0.0,0.756,0.244,61
162,@CBSNews,Sat Jul 14 11:03:04 +0000 2018,Locals residents and state officials battle over access to public California beach https://t.co/9kpJYpwSza https://t.co/jmPRGs6AAw,-0.3818,0.0,0.833,0.167,62
163,@CBSNews,Sat Jul 14 10:54:00 +0000 2018,"RT @CBSThisMorning: Don‚Äôt miss the debut of our new @CBSThisMorning Saturday team! 

@CBSMMiller and @DanaJacobson join @AnthonyMasonCBS th‚Ä¶",0.2244,0.124,0.796,0.08,63
164,@CBSNews,Sat Jul 14 10:48:03 +0000 2018,Giant hogweed sends Virginia teen to hospital burn unit https://t.co/7nAIoLGcbd https://t.co/R4SwpkC0S8,0.0,0.0,1.0,0.0,64
165,@CBSNews,Sat Jul 14 10:33:04 +0000 2018,Former students surprise music teacher who changed their lives https://t.co/rGt2sH4z1L https://t.co/zp919ZfwGi,0.2732,0.174,0.826,0.0,65
166,@CBSNews,Sat Jul 14 10:18:03 +0000 2018,"CDC warning on Kellogg's Honey Smacks: ""Do not eat this cereal"" https://t.co/ij8z0pVote https://t.co/igXuxQeUMc",-0.34,0.0,0.833,0.167,66
167,@CBSNews,Sat Jul 14 10:03:04 +0000 2018,Why Russians indicted for hacking may never see the inside of a U.S. courtroom https://t.co/NWXanmdHDP https://t.co/SMye4tayMe,0.0,0.0,1.0,0.0,67
168,@CBSNews,Sat Jul 14 09:48:03 +0000 2018,"Papa John's dumped by sports teams, schools over Schnatter comments https://t.co/4NHuPc0f5U https://t.co/Lgx08d3642",-0.4019,0.0,0.803,0.197,68
169,@CBSNews,Sat Jul 14 09:33:03 +0000 2018,British police confirm source of Novichok poisoning https://t.co/cb4T5UhfLo https://t.co/A7HiejWmEh,-0.5859,0.0,0.678,0.322,69
170,@CBSNews,Sat Jul 14 09:18:04 +0000 2018,President Trump and Queen Elizabeth actually have a few things in common https://t.co/UC0MaFC6yH https://t.co/y4YLrK8xLV,0.0,0.0,1.0,0.0,70
171,@CBSNews,Sat Jul 14 09:03:03 +0000 2018,"Russians relied on bitcoin to finance election hacking, prosecutors say https://t.co/A8ok3FK0vV https://t.co/O7ND6SbeNS",0.0,0.0,1.0,0.0,71
172,@CBSNews,Sat Jul 14 08:48:04 +0000 2018,Jennifer Garner opens up about tabloid scrutiny of marriage and separation https://t.co/QZ0nWmqQmY https://t.co/4DtlgXsOnP,0.0,0.0,1.0,0.0,72
173,@CBSNews,Sat Jul 14 08:33:04 +0000 2018,"LeSean McCoy's ex-girlfriend suspected NFL star was involved in her attack, 911 call reveals https://t.co/93YCSlj3cq https://t.co/uEiCC9y11m",-0.6124,0.0,0.737,0.263,73
174,@CBSNews,Sat Jul 14 08:18:04 +0000 2018,"Father of youngest Thai cave survivor describes how boys became trapped, coach's response https://t.co/T5QxguAFj6 https://t.co/HceLENkAs0",-0.2263,0.132,0.688,0.18,74
175,@CBSNews,Sat Jul 14 08:03:03 +0000 2018,"Intel chief Dan Coats says of cyberattacks, ""We are at a critical point"" https://t.co/R9xDh1e4wl https://t.co/5MbxkwThKS",-0.3182,0.0,0.85,0.15,75
176,@CBSNews,Sat Jul 14 07:48:02 +0000 2018,Report: Video shows daytime shooting of reputed mob associate's son https://t.co/CB0O00Crbe https://t.co/9VkLBeHqSq,0.0,0.0,1.0,0.0,76
177,@CBSNews,Sat Jul 14 07:33:03 +0000 2018,Man seen on video berating woman over Puerto Rico shirt charged with felony hate crimes https://t.co/TVga5QZgRO https://t.co/5Qe1iJSKwY,-0.8402,0.0,0.609,0.391,77
178,@CBSNews,Sat Jul 14 07:18:04 +0000 2018,"Woman harassed over Puerto Rican flag shirt says officer ""blatantly ignored"" her pleas for help‚Ä¶ https://t.co/6HRezju9Ta",-0.7003,0.0,0.707,0.293,78
179,@CBSNews,Sat Jul 14 07:03:04 +0000 2018,Ticks that carry Lyme disease are spreading fast https://t.co/Z62SoxL2mL https://t.co/0qO26DM8kr,0.0,0.0,1.0,0.0,79
180,@CBSNews,Sat Jul 14 06:48:03 +0000 2018,"Scarlett Johansson drops out of ""Rub &amp; Tug"" amid backlash https://t.co/iLUh6BC38h https://t.co/Zgz0YzxJuO",0.0,0.0,1.0,0.0,80
181,@CBSNews,Sat Jul 14 06:33:04 +0000 2018,"""Whistleblower"": Former employees take on pediatric dental chain when they suspect the company of wrongdoing‚Ä¶ https://t.co/iZ3fuFHytZ",-0.296,0.0,0.872,0.128,81
182,@CBSNews,Sat Jul 14 06:18:04 +0000 2018,5 takeaways from FBI agent Peter Strzok's explosive congressional hearing https://t.co/gs5Stwc7Tq https://t.co/piwtcCMPT3,0.0,0.0,1.0,0.0,82
183,@CBSNews,Sat Jul 14 06:03:03 +0000 2018,Inside the global race to develop hypersonic weapons https://t.co/ycKdcM8KMI https://t.co/D92mBpetyS,-0.4404,0.0,0.756,0.244,83
184,@CBSNews,Sat Jul 14 05:48:03 +0000 2018,Giant hogweed sends Virginia teen to hospital burn unit https://t.co/gCLk0rXsUM https://t.co/BBEOfJn1a3,0.0,0.0,1.0,0.0,84
185,@CBSNews,Sat Jul 14 05:33:03 +0000 2018,"CDC warning on Kellogg's Honey Smacks: ""Do not eat this cereal"" https://t.co/h4GydIgyfY https://t.co/fStlMCffRb",-0.34,0.0,0.833,0.167,85
186,@CBSNews,Sat Jul 14 05:18:03 +0000 2018,"Papa John's dumped by sports teams, schools over Schnatter comments https://t.co/MQMecwMs5k https://t.co/QOVC26H9EZ",-0.4019,0.0,0.803,0.197,86
187,@CBSNews,Sat Jul 14 05:03:04 +0000 2018,Former students surprise music teacher who changed their lives https://t.co/BLsPXhr3wC https://t.co/2i3tyHxdmz,0.2732,0.174,0.826,0.0,87
188,@CBSNews,Sat Jul 14 04:48:03 +0000 2018,British police confirm source of Novichok poisoning https://t.co/TPOWswAKBv https://t.co/pM9z6fZpwk,-0.5859,0.0,0.678,0.322,88
189,@CBSNews,Sat Jul 14 04:33:03 +0000 2018,President Trump and Queen Elizabeth actually have a few things in common https://t.co/460kCwZUqn https://t.co/KUb0XKOVmJ,0.0,0.0,1.0,0.0,89
190,@CBSNews,Sat Jul 14 04:18:04 +0000 2018,Jennifer Garner opens up about tabloid scrutiny of marriage and separation https://t.co/TAq7mOgCan https://t.co/uxFdAboTQu,0.0,0.0,1.0,0.0,90
191,@CBSNews,Sat Jul 14 04:03:04 +0000 2018,"LeSean McCoy's ex-girlfriend suspected NFL star was involved in her attack, 911 call reveals https://t.co/vYGJPWjMVw https://t.co/CM69yl22HQ",-0.6124,0.0,0.737,0.263,91
192,@CBSNews,Sat Jul 14 03:48:03 +0000 2018,"Father of youngest Thai cave survivor describes how boys became trapped, coach's response https://t.co/ecwCMS2vqC https://t.co/T8AJXIIgEb",-0.2263,0.132,0.688,0.18,92
193,@CBSNews,Sat Jul 14 03:40:07 +0000 2018,"Baby dead after being left in hot car in south Florida, police say https://t.co/BTIJxMpZHm https://t.co/KNqq5L6YcK",-0.6486,0.0,0.765,0.235,93
194,@CBSNews,Sat Jul 14 03:33:02 +0000 2018,Report: Video shows daytime shooting of reputed mob associate's son https://t.co/GGV3A82RhN https://t.co/jaRSGoxG4U,0.0,0.0,1.0,0.0,94
195,@CBSNews,Sat Jul 14 03:18:04 +0000 2018,Man seen on video berating woman over Puerto Rico shirt charged with felony hate crimes https://t.co/agC8pl7nhj https://t.co/IWKRwDVSfu,-0.8402,0.0,0.609,0.391,95
196,@CBSNews,Sat Jul 14 03:16:04 +0000 2018,"Trump administration lays out plan to reunite 2,500 immigrant children with their families https://t.co/cOHIoNxhYc https://t.co/Dg9p1RvPHs",0.0,0.0,1.0,0.0,96
197,@CBSNews,Sat Jul 14 03:03:05 +0000 2018,"Woman harassed over Puerto Rican flag shirt says officer ""blatantly ignored"" her pleas for help‚Ä¶ https://t.co/YTPQPwjril",-0.7003,0.0,0.707,0.293,97
198,@CBSNews,Sat Jul 14 02:39:54 +0000 2018,A dozen Russians indicted on Friday for conspiracy to interfere in the 2016 presidential election financed their op‚Ä¶ https://t.co/jIQ6mfa5x1,-0.5267,0.0,0.833,0.167,98
199,@CBSNews,Sat Jul 14 02:19:35 +0000 2018,Russia's Foreign Ministry is denouncing the U.S. indictment of 12 alleged military intelligence agents accused of h‚Ä¶ https://t.co/rgx3QX3hkc,0.2263,0.146,0.751,0.103,99
200,@CNN,Sun Jul 15 02:30:04 +0000 2018,Where is President Trump's Emmy nomination? https://t.co/mtWdel049f (via @CNNOpinion) https://t.co/y0VkQar9vs,0.0,0.0,1.0,0.0,0
201,@CNN,Sun Jul 15 02:00:05 +0000 2018,Homeland Security Secretary Kirstjen Nielsen warns state officials that the threat from Russia targeting US electio‚Ä¶ https://t.co/fnjed90PF5,-0.34,0.113,0.66,0.226,1
202,@CNN,Sun Jul 15 01:30:17 +0000 2018,What do you remember about the time of 9/11? See how George W. Bush harnessed the mood of the nation in #2000sCNN t‚Ä¶ https://t.co/j2lYKLwaKQ,0.0,0.0,1.0,0.0,2
203,@CNN,Sun Jul 15 01:00:08 +0000 2018,"NY Gov. Andrew Cuomo calls the Trump administration's spending to detain immigrant children ""shocking and irrespons‚Ä¶ https://t.co/l8Y8t1VLwo",-0.6705,0.0,0.732,0.268,3
204,@CNN,Sun Jul 15 00:30:12 +0000 2018,"From the Supreme Court to Russian indictments, relive this week in politics https://t.co/fFYGdL1CJW https://t.co/rCRbcCSdDx",0.5574,0.217,0.783,0.0,4
205,@CNN,Sun Jul 15 00:00:04 +0000 2018,Police departments across the country participate in the latest lip sync challenge https://t.co/R91Sp68qJU https://t.co/etNx934TMu,0.0772,0.091,0.909,0.0,5
206,@CNN,Sat Jul 14 23:30:08 +0000 2018,"It used to be mindless entertainment. Now, reality television is a dominant force in American politics. How did tha‚Ä¶ https://t.co/inyX7hocjS",-0.0258,0.123,0.749,0.128,6
207,@CNN,Sat Jul 14 23:00:05 +0000 2018,"Gay men, adulterers publicly flogged in Indonesia https://t.co/7iV8SqScm7 https://t.co/y2ApR0iSoR",0.0,0.0,1.0,0.0,7
208,@CNN,Sat Jul 14 22:30:07 +0000 2018,Man posing as rideshare driver accused of serial rape in San Francisco https://t.co/a5ZsgQyyBB https://t.co/VshWiUq3cu,-0.7845,0.0,0.635,0.365,8
209,@CNN,Sat Jul 14 22:15:57 +0000 2018,Haiti's Prime Minister resigns amid violent and deadly protests sparked by a proposed plan to raise fuel prices‚Ä¶ https://t.co/sUgt4m3jvl,-0.7964,0.0,0.649,0.351,9
210,@CNN,Sat Jul 14 22:00:27 +0000 2018,Los Angeles Mayor Eric Garcetti says the Trump administration created its own immigration problems by enacting a so‚Ä¶ https://t.co/rx5m03cK0T,-0.1779,0.097,0.773,0.13,10
211,@CNN,Sat Jul 14 21:45:05 +0000 2018,A UK court ruling could catapult this 30-year-old from Iraq back to a life of fear and persecution‚Ä¶ https://t.co/tEoJMvS4B4,-0.4939,0.0,0.833,0.167,11
212,@CNN,Sat Jul 14 21:30:12 +0000 2018,Woman survives 7 days after SUV plunges off cliff in Big Sur https://t.co/RDcbCUbk5f https://t.co/LkhIi8regP,0.0,0.0,1.0,0.0,12
213,@CNN,Sat Jul 14 21:15:04 +0000 2018,"Microsoft wants regulation of facial recognition technology to limit ""abuse"" https://t.co/yrZtyqQjay https://t.co/culUmiMr8T",0.0,0.0,1.0,0.0,13
214,@CNN,Sat Jul 14 21:00:03 +0000 2018,Have you ever noticed a large concrete arrow in your travels across America? They point the way to an intriguing us‚Ä¶ https://t.co/e9ldIc2EyE,0.0,0.0,1.0,0.0,14
215,@CNN,Sat Jul 14 20:45:06 +0000 2018,Russian President Vladimir Putin looms for President Trump after reality-bending visit with US allies‚Ä¶ https://t.co/VBK1cCMRVK,-0.1531,0.0,0.897,0.103,15
216,@CNN,Sat Jul 14 20:30:09 +0000 2018,"McDonald's pulls salads from 3,000 restaurants after parasite sickens dozens https://t.co/ZCsfrNPFHV https://t.co/GJbNdy1nf7",-0.4588,0.0,0.786,0.214,16
217,@CNN,Sat Jul 14 20:15:05 +0000 2018,"Here's CNN's weekly roundup of the news, notes and chatter about the prospects for the next Democratic presidential‚Ä¶ https://t.co/jhP4I1C2En",0.296,0.109,0.891,0.0,17
218,@CNN,Sat Jul 14 20:00:13 +0000 2018,Impact of Attorney General Jeff Sessions' asylum move already felt at border https://t.co/5AKQyaPG98 https://t.co/FJeN4bNPub,0.0,0.0,1.0,0.0,18
219,@CNN,Sat Jul 14 19:45:06 +0000 2018,This video game could generate a new type of World Cup next year https://t.co/gji26lhVZa https://t.co/Bhcrmb81I8,0.0,0.0,1.0,0.0,19
220,@CNN,Sat Jul 14 19:30:12 +0000 2018,"Jaguar escapes enclosure at Audubon Zoo in New Orleans and kills 4 alpacas, an emu and a fox https://t.co/JTwcwexRLj https://t.co/UNZ75WSIgz",-0.4588,0.071,0.762,0.167,20
221,@CNN,Sat Jul 14 19:15:10 +0000 2018,"In Europe, First Lady Melania Trump is the Trump sticking to the script https://t.co/odZGVA2sfq https://t.co/0ZtVvImGrw",0.0,0.0,1.0,0.0,21
222,@CNN,Sat Jul 14 19:00:12 +0000 2018,A senior National Security Council official who argued for increasing US refugee admissions and feuded with senior‚Ä¶ https://t.co/oELKfzIiK5,-0.5106,0.109,0.633,0.258,22
223,@CNN,Sat Jul 14 18:45:08 +0000 2018,The British public doesn't appear amused with President Trump walking in front of Queen Elizabeth II‚Ä¶ https://t.co/9g5x8lMe0q,-0.3252,0.0,0.873,0.127,23
224,@CNN,Sat Jul 14 18:30:17 +0000 2018,Here's what you might have missed during a busy news week https://t.co/rv1W25n2Iw https://t.co/MXMHXycOXl,-0.296,0.0,0.833,0.167,24
225,@CNN,Sat Jul 14 18:15:00 +0000 2018,Philando Castile was fatally shot by police in Minnesota in 2016 ‚Äî then came the Russian trolls. An exclusive CNN i‚Ä¶ https://t.co/snbZHI833T,-0.5719,0.061,0.769,0.17,25
226,@CNN,Sat Jul 14 18:03:36 +0000 2018,Israelis and Palestinians exchange fire along Gaza border https://t.co/YFUZAkkv5i https://t.co/dAFsl7lqaU,-0.34,0.0,0.789,0.211,26
227,@CNN,Sat Jul 14 18:00:04 +0000 2018,Is it dark? And are you wearing sunglasses? You‚Äôre ready for the return of the CNN series #History of Comedy. Hear‚Ä¶ https://t.co/spOWGQNvT1,0.6553,0.211,0.789,0.0,27
228,@CNN,Sat Jul 14 17:45:00 +0000 2018,"The Thai boys rescued from a cave after nearly three weeks are ""sitting up in their beds"" and ""sending thank-you me‚Ä¶ https://t.co/m00GEVO4Nr",0.4215,0.123,0.877,0.0,28
229,@CNN,Sat Jul 14 17:38:39 +0000 2018,Serena Williams' fairytale return from maternity leave fell one match short as she lost to Angelique Kerber in the‚Ä¶ https://t.co/5max8jzFCc,-0.3612,0.0,0.837,0.163,29
230,@CNN,Sat Jul 14 17:28:24 +0000 2018,Secretary of State Mike Pompeo says President Trump should proceed with his summit with Russian President Vladimir‚Ä¶ https://t.co/szEb8ClWru,0.0,0.0,1.0,0.0,30
231,@CNN,Sat Jul 14 17:11:35 +0000 2018,"In Scotland, @PhilBlackCNN reports ""thousands of people"" have been rallying and protesting against Trump. One prote‚Ä¶ https://t.co/3Z1l8nN5we",-0.4215,0.0,0.851,0.149,31
232,@CNN,Sat Jul 14 16:53:47 +0000 2018,"Germany's Angelique Kerber beats American Serena Williams 6-3, 6-3 to win her first Wimbledon championship‚Ä¶ https://t.co/qvmrNpeovo",0.5859,0.202,0.798,0.0,32
233,@CNN,Sat Jul 14 16:35:05 +0000 2018,"Germany's Angelique Kerber beats American Serena Williams 6-2, 6-3 to win her first Wimbledon championship‚Ä¶ https://t.co/tJUTOpoTjR",0.5859,0.202,0.798,0.0,33
234,@CNN,Sat Jul 14 16:30:50 +0000 2018,"""What happened to when we were united against a common enemy?"" CNN's @smerconish slams partisan reactions to the ""t‚Ä¶ https://t.co/IQMCH75fBd",0.4215,0.135,0.865,0.0,34
235,@CNN,Sat Jul 14 16:15:00 +0000 2018,"""Probably the best course of action is to cancel this meeting."" Democratic Rep. Mike Quigley says President Trump s‚Ä¶ https://t.co/8UVkrBidZj",0.4939,0.174,0.744,0.083,35
236,@CNN,Sat Jul 14 16:03:49 +0000 2018,"Belgium beats England 2-0, finishing third place in the World Cup https://t.co/CgOfxgNZCd https://t.co/Rag2LuM3bW",0.0,0.0,1.0,0.0,36
237,@CNN,Sat Jul 14 15:45:09 +0000 2018,Novak Djokovic outlasts Rafael Nadal in Wimbledon semifinal to reach his first grand slam final in two years‚Ä¶ https://t.co/6lUvpufaOc,0.128,0.181,0.705,0.115,37
238,@CNN,Sat Jul 14 15:30:06 +0000 2018,Why Emmett Till's case matters to American history and our future https://t.co/dp49PtgYwG (via @CNNOpinion) https://t.co/4V6VYmNyfj,0.0258,0.073,0.927,0.0,38
239,@CNN,Sat Jul 14 15:15:10 +0000 2018,A paragliding protester hovered within surprising proximity of Trump on Friday as the President admired the view fr‚Ä¶ https://t.co/UB9Dgswldg,0.6597,0.252,0.748,0.0,39
240,@CNN,Sat Jul 14 15:01:05 +0000 2018,"Director of National Intelligence Dan Coats raises the alarm on growing cyberattack threats against the US, saying‚Ä¶ https://t.co/sLfH84NISw",-0.1027,0.2,0.583,0.217,40
241,@CNN,Sat Jul 14 14:52:07 +0000 2018,How Finland has survived in Russia's dark shadow https://t.co/uaqYYKM8PB https://t.co/vCromYSYn4,0.5106,0.268,0.732,0.0,41
242,@CNN,Sat Jul 14 14:01:48 +0000 2018,This 12-year-old who is battling a rare bone cancer had her wish granted when she got to see the ocean and learn to‚Ä¶ https://t.co/OqpMmp7aoA,-0.4215,0.156,0.629,0.215,42
243,@CNN,Sat Jul 14 13:46:05 +0000 2018,Newly-discovered fossils suggest giant dinosaurs evolved millions of years earlier than scientists thought https://t.co/1qJw5J5dhi,0.0,0.0,1.0,0.0,43
244,@CNN,Sat Jul 14 13:31:00 +0000 2018,"Meet Care-E, the automated airport assistant that scans a boarding pass, carries luggage and guides passengers to t‚Ä¶ https://t.co/c12TfEbuCS",0.0,0.0,1.0,0.0,44
245,@CNN,Sat Jul 14 13:01:03 +0000 2018,"Scientists have discovered the world's oldest color. It's bright pink -- the color of bubble gum, flamingos and cot‚Ä¶ https://t.co/pXGHjWw5yb",0.4404,0.132,0.868,0.0,45
246,@CNN,Sat Jul 14 12:46:07 +0000 2018,"From the biggest street art party in Hong Kong to a community art tour, here are six Instagrammable ways to enjoy H‚Ä¶ https://t.co/1MJl9Bgfc1",0.7096,0.228,0.772,0.0,46
247,@CNN,Sat Jul 14 12:31:02 +0000 2018,"Stitch Fix is tapping into the children's apparel market, launching subscription boxes with sizes 2T to 14. Founder‚Ä¶ https://t.co/VE939a8HoA",0.0,0.0,1.0,0.0,47
248,@CNN,Sat Jul 14 12:01:05 +0000 2018,"Archaeologists unearth a mysterious sarcophagus in Egypt 
https://t.co/Z5XE26NQuK https://t.co/QbVllJbH6F",0.0,0.0,1.0,0.0,48
249,@CNN,Sat Jul 14 11:31:00 +0000 2018,It's not always easy going green. Starbucks and Nestl√© customers embraced the brands' moves to environmentally-frie‚Ä¶ https://t.co/zVa4gcuLL8,-0.3412,0.0,0.869,0.131,49
250,@CNN,Sat Jul 14 11:01:04 +0000 2018,5-year-old Garrett Matthias prepared his own obituary before he died from a rare form of pediatric cancer. In words‚Ä¶ https://t.co/kvDtKV3C0J,-0.7964,0.073,0.618,0.309,50
251,@CNN,Sat Jul 14 10:31:00 +0000 2018,Starbucks is going strawless. The coffee company announced Monday that it will phase out plastic straws from all of‚Ä¶ https://t.co/4nPdL5wkfC,0.0,0.0,1.0,0.0,51
252,@CNN,Sat Jul 14 10:16:11 +0000 2018,Scientists at the Teopanzolco archeological site discovered an ancient temple this week that was exposed by the dev‚Ä¶ https://t.co/NI106NMNKQ,-0.0772,0.0,0.933,0.067,52
253,@CNN,Sat Jul 14 10:02:10 +0000 2018,A French bulldog named Darcy was given an oxygen mask on a JetBlue flight after showing signs of distress. Darcy's‚Ä¶ https://t.co/BfzWbTXPzn,-0.5267,0.0,0.841,0.159,53
254,@CNN,Sat Jul 14 09:46:04 +0000 2018,"In an experiment, Australian scientists have successfully wiped out more than 80% of disease-carrying mosquitoes in‚Ä¶ https://t.co/SKnF8K2Fiw",0.4939,0.167,0.833,0.0,54
255,@CNN,Sat Jul 14 09:31:00 +0000 2018,A rescue organization in the Turks and Caicos Islands finds good homes for stray potcake puppies -- and allows tour‚Ä¶ https://t.co/iNMmocN8kl,0.7351,0.256,0.744,0.0,55
256,@CNN,Sat Jul 14 09:01:03 +0000 2018,"The US Navy has expanded its hair rules for female sailors, now permitting braids, ponytails and lock hairstyles‚Ä¶ https://t.co/dOUdRk9UTb",0.0,0.0,1.0,0.0,56
257,@CNN,Sat Jul 14 08:31:00 +0000 2018,There is now only one Blockbuster store left in the United States https://t.co/eVtGl36DfQ https://t.co/mSVPk9Ctj8,0.7717,0.358,0.642,0.0,57
258,@CNN,Sat Jul 14 08:01:07 +0000 2018,Shark bites Instagram model posing in the Bahamas https://t.co/w8PWXHQQA9 https://t.co/PDEQl5ItJK,0.0,0.0,1.0,0.0,58
259,@CNN,Sat Jul 14 07:31:00 +0000 2018,"Build-A-Bear was forced to turn customers away after an onslaught of people came to take advantage of its ""pay your‚Ä¶ https://t.co/mQstVtHGrj",-0.34,0.082,0.738,0.18,59
260,@CNN,Sat Jul 14 07:01:41 +0000 2018,"Hawaii just became the first state in the US to ban the sale of sunscreens that can harm coral reefs. Banana Boat,‚Ä¶ https://t.co/3gDJp7a6Pr",-0.7964,0.0,0.747,0.253,60
261,@CNN,Sat Jul 14 06:31:00 +0000 2018,The first underwater museum in the United States has opened off the coast of northwest Florida‚Ä¶ https://t.co/U10bURPlJy,0.4215,0.149,0.851,0.0,61
262,@CNN,Sat Jul 14 06:01:04 +0000 2018,"A flight from Hong Kong to the Chinese mainland suddenly lost air pressure and dropped nearly 20,000 feet because t‚Ä¶ https://t.co/PwqdFH1baL",-0.5423,0.0,0.8,0.2,62
263,@CNN,Sat Jul 14 05:46:07 +0000 2018,The world's largest water slide will be demolished after a boy died on the ride in 2016 https://t.co/qy7pPAIIpj https://t.co/5B2eS3BeUG,-0.5574,0.0,0.825,0.175,63
264,@CNN,Sat Jul 14 05:31:00 +0000 2018,"A particle called a neutrino was detected on Earth, found by sensors deep in the Antarctic ice, and traced to its s‚Ä¶ https://t.co/2hYUZxCN18",0.0,0.0,1.0,0.0,64
265,@CNN,Sat Jul 14 05:16:04 +0000 2018,Donald Trump says he's more popular than Abraham Lincoln. That's a hard claim to back up. https://t.co/OuPCv74UuU https://t.co/8Vq521unnS,0.4005,0.159,0.77,0.072,65
266,@CNN,Sat Jul 14 05:05:03 +0000 2018,"Nancy Sinatra, the first wife of singer Frank Sinatra, died Friday at the age of 101, her daughter said https://t.co/Vrg3IJD89f",-0.5574,0.0,0.841,0.159,66
267,@CNN,Sat Jul 14 05:01:07 +0000 2018,A Florida man had a heart attack while laying sod in his front yard to avoid getting a fine from his homeowner's as‚Ä¶ https://t.co/kR8NfiUSis,-0.5423,0.072,0.717,0.211,67
268,@CNN,Sat Jul 14 04:46:08 +0000 2018,A jury has awarded $4.62 billion to 22 women who sued pharmaceutical giant Johnson &amp; Johnson alleging their ovarian‚Ä¶ https://t.co/rQDYbNWZTD,0.4019,0.13,0.87,0.0,68
269,@CNN,Sat Jul 14 04:31:00 +0000 2018,These giant avocados are growing in Australia. Some have been known to weigh up to four pounds and are about five t‚Ä¶ https://t.co/cgXFVEx1o5,0.1779,0.072,0.928,0.0,69
270,@CNN,Sat Jul 14 04:16:05 +0000 2018,President Trump and Katy Perry are among the Twitter users hit hardest by the follower purge https://t.co/4V3kmwmrhL https://t.co/Uak1BlooYe,0.0,0.0,1.0,0.0,70
271,@CNN,Sat Jul 14 04:01:08 +0000 2018,"A rare flood of desert rain has transformed a lake in Australia from an arid, salty basin to a spectacular, watery‚Ä¶ https://t.co/HCBw2jd5h8",0.0,0.0,1.0,0.0,71
272,@CNN,Sat Jul 14 03:44:09 +0000 2018,"Is there such a thing as going too far for a laugh? #HistoryOfComedy is back, and pushing boundaries further than e‚Ä¶ https://t.co/TFgGf1hYqY",0.5574,0.159,0.841,0.0,72
273,@CNN,Sat Jul 14 03:37:14 +0000 2018,"Meet Care-E, the automated airport assistant that scans a boarding pass, carries luggage and guides passengers to t‚Ä¶ https://t.co/dYT6NIBJ4p",0.0,0.0,1.0,0.0,73
274,@CNN,Sat Jul 14 03:31:04 +0000 2018,"Tomatoes and strawberries were disappearing for weeks from hanging baskets outside this family's house, but a secur‚Ä¶ https://t.co/uqaam0yNAA",0.0,0.0,1.0,0.0,74
275,@CNN,Sat Jul 14 03:27:58 +0000 2018,"Stitch Fix is tapping into the children's apparel market, launching subscription boxes with sizes 2T to 14. Founder‚Ä¶ https://t.co/ZrRGUduQ40",0.0,0.0,1.0,0.0,75
276,@CNN,Sat Jul 14 03:16:03 +0000 2018,Mysterious burns on teen's face caused by brush with toxic plant https://t.co/oHEvX9UAW9 https://t.co/bU0ztER1VM,0.0,0.0,1.0,0.0,76
277,@CNN,Sat Jul 14 03:14:15 +0000 2018,"RT @AC360: Hi, I'm @AndersonCooper. I am really excited about our new show on Facebook Watch called Full Circle, a program created for you,‚Ä¶",0.5709,0.19,0.81,0.0,77
278,@CNN,Sat Jul 14 03:01:03 +0000 2018,Roger Stone appears to be the unnamed individual in a new Russia probe indictment made public Friday who is describ‚Ä¶ https://t.co/zeashgdqOn,0.0,0.0,1.0,0.0,78
279,@CNN,Sat Jul 14 02:51:02 +0000 2018,The woman who was harassed by a man for wearing a Puerto Rico flag shirt wants the officer who ignored her pleas fo‚Ä¶ https://t.co/JuErNNdBTT,-0.7003,0.0,0.775,0.225,79
280,@CNN,Sat Jul 14 02:31:56 +0000 2018,"RT @AC360: Anderson Cooper: The ""witch hunt,"" as the President called it, has now yielded 191 charges against 32 individuals and 3 companie‚Ä¶",-0.5574,0.0,0.813,0.187,80
281,@CNN,Sat Jul 14 02:28:19 +0000 2018,How will Trump deal with Putin in Helsinki? | By Michael Bociurkiw via @CNNOpinion https://t.co/8TvNaMjvxP https://t.co/5P7J59HZtl,0.0,0.0,1.0,0.0,81
282,@CNN,Sat Jul 14 02:27:07 +0000 2018,6 takeaways from the indictment of Russians for DNC hacking https://t.co/YjtwLqHn5F https://t.co/nAryrG6hCZ,0.0,0.0,1.0,0.0,82
283,@CNN,Sat Jul 14 02:24:13 +0000 2018,Apple is helping bring education to girls in Brazil https://t.co/iFGmNlvCNu https://t.co/yNYKe0uvdN,0.296,0.18,0.82,0.0,83
284,@CNN,Sat Jul 14 02:16:03 +0000 2018,"Despite Russia election bombshell, the Trump-Putin show will go on | Analysis by CNN's @StCollinson‚Ä¶ https://t.co/z05mQ9M8DT",0.0,0.0,1.0,0.0,84
285,@CNN,Sat Jul 14 02:15:12 +0000 2018,"A Chinese spy ship is currently spying on a major US-led military exercise off the coast of Hawaii, the same exerci‚Ä¶ https://t.co/TqPlHPG1b6",0.0,0.0,1.0,0.0,85
286,@CNN,Sat Jul 14 02:07:48 +0000 2018,At least 128 people have died in a suicide attack in Pakistan that targeted the convoy of a political candidate in‚Ä¶ https://t.co/n2w7kqnweP,-0.9042,0.0,0.603,0.397,86
287,@CNN,Sat Jul 14 02:06:03 +0000 2018,Former Pakistani Prime Minister Nawaz Sharif and his daughter have been arrested and are being held in Islamabad af‚Ä¶ https://t.co/w980YBz06B,-0.4767,0.0,0.86,0.14,87
288,@CNN,Sat Jul 14 02:01:04 +0000 2018,"The FDA for the first time has approved a drug to treat smallpox.

The disease was eradicated in the 1980s, but the‚Ä¶ https://t.co/80tEjE75Yi",0.4118,0.158,0.842,0.0,88
289,@CNN,Sat Jul 14 01:51:06 +0000 2018,The death of a 16-year-old who was pinned and suffocated in his own minivan has prompted Cincinnati officials to im‚Ä¶ https://t.co/l0xG9BFXxP,-0.5994,0.0,0.83,0.17,89
290,@CNN,Sat Jul 14 01:41:08 +0000 2018,The indictment of 12 Russians has stunning implications | By Harry Litman via @CNNOpinion https://t.co/6lbXQQ2RW5 https://t.co/ufwplUdzj8,0.3818,0.157,0.843,0.0,90
291,@CNN,Sat Jul 14 01:36:05 +0000 2018,"RT @CuomoPrimeTime: .@ChrisCuomo: ""You can't read this indictment... and not face the reality that the United States was hacked, by Russia,‚Ä¶",0.0258,0.114,0.776,0.11,91
292,@CNN,Sat Jul 14 01:31:07 +0000 2018,The US Food and Drug Administration is advising people to avoid eating fresh crab meat from Venezuela because of po‚Ä¶ https://t.co/3PEVpUFyFO,0.0258,0.098,0.809,0.094,92
293,@CNN,Sat Jul 14 01:21:04 +0000 2018,Scarlett Johansson has opted to withdraw from a film in which she was set to play a transgender man after her casti‚Ä¶ https://t.co/yd5SVHkmck,0.34,0.107,0.893,0.0,93
294,@CNN,Sat Jul 14 01:12:02 +0000 2018,"RT @AC360: .@JeffreyToobin: ""Today is actually a significant moment in American history. We've only had 45 presidents... now we know one of‚Ä¶",0.2023,0.083,0.917,0.0,94
295,@CNN,Sat Jul 14 01:10:08 +0000 2018,"Seven in 10 registered voters say they're extremely or very interested in the November elections, a record high in‚Ä¶ https://t.co/2bpEVzpV1e",0.5034,0.153,0.847,0.0,95
296,@CNN,Sat Jul 14 01:01:03 +0000 2018,Republicans praise ex-FBI lawyer Lisa Page's testimony one day after the heated Peter Strzok hearing‚Ä¶ https://t.co/9CWHzrApH9,0.5574,0.194,0.806,0.0,96
297,@CNN,Sat Jul 14 01:00:20 +0000 2018,"RT @OutFrontCNN: ""It's as if your neighbor came over, robbed your house, burned it down, and then next day you go have a meal with him at t‚Ä¶",0.0,0.0,1.0,0.0,97
298,@CNN,Sat Jul 14 01:00:10 +0000 2018,"RT @AC360: Journalist @carlbernstein on Russian indictments: ""This was an act of war by the Russians. An act of cyber warfare to undermine‚Ä¶",-0.7269,0.0,0.775,0.225,98
299,@CNN,Sat Jul 14 00:54:14 +0000 2018,Former CIA Director Michael Hayden said he anticipates many more indictments -- including those of Americans -- to‚Ä¶ https://t.co/eO4QMTijWa,0.0,0.0,1.0,0.0,99
300,@FoxNews,Sun Jul 15 02:21:23 +0000 2018,Arizona lawmaker apologizes after bragging about speeding to cop during traffic stop https://t.co/kaGtI6s1V5,0.0772,0.159,0.701,0.14,0
301,@FoxNews,Sun Jul 15 02:15:58 +0000 2018,"Woman admits to killing her father after finding his child pornography collection, including photos of herself https://t.co/1gXPSkV1WM",-0.4939,0.102,0.694,0.204,1
302,@FoxNews,Sun Jul 15 02:05:17 +0000 2018,I was Supreme Court nominee Kavanaugh's law clerk -- Let me tell you about the man I know https://t.co/xx1IdPQpTh,0.5574,0.184,0.816,0.0,2
303,@FoxNews,Sun Jul 15 02:02:58 +0000 2018,"'Organized Cruelty‚Äô: Clinton Blasts Trump Administration for 'Trying to Rip the Heart Out of America' 
 https://t.co/18eXz2MkhV",0.0,0.0,1.0,0.0,3
304,@FoxNews,Sun Jul 15 01:50:28 +0000 2018,Rep. DeSantis Blasts Strzok After House Hearing: 'Why Is He Still Getting a Paycheck?' https://t.co/OfPs7CraKb,0.0,0.0,1.0,0.0,4
305,@FoxNews,Sun Jul 15 01:33:49 +0000 2018,".@GovMikeHuckabee on NATO: ""Thank goodness that [@POTUS] doesn't just roll over and let these smaller nations push‚Ä¶ https://t.co/BP8oeduxjR",0.6705,0.256,0.744,0.0,5
306,@FoxNews,Sun Jul 15 01:29:08 +0000 2018,".@DarrellIssa on Strzok hearing: ""The only justice we're gonna get is from the American people who hearing Peter St‚Ä¶ https://t.co/OEqaWxt1MM",0.5267,0.152,0.848,0.0,6
307,@FoxNews,Sun Jul 15 01:19:34 +0000 2018,Judge has second thoughts hours after praising Trump administration for family reunifications https://t.co/OLfCTYNaCo,0.5423,0.226,0.774,0.0,7
308,@FoxNews,Sun Jul 15 01:16:04 +0000 2018,"Woman admits to killing her father after finding his child pornography collection, including photos of herself https://t.co/7VJLlNITgo",-0.4939,0.102,0.694,0.204,8
309,@FoxNews,Sun Jul 15 01:16:00 +0000 2018,"TOMORROW: Don't miss ""Life, Liberty, &amp; Levin"" with @marklevinshow - Tune in at 10p ET on Fox News Channel! https://t.co/0gPYq3L8yX",-0.3867,0.067,0.79,0.143,9
310,@FoxNews,Sun Jul 15 01:08:32 +0000 2018,Richmond Airport apologizes after official reportedly told mom breastfeeding was 'indecent exposure' https://t.co/Xtxn2hdvD2,0.3612,0.172,0.828,0.0,10
311,@FoxNews,Sun Jul 15 00:58:05 +0000 2018,Fireworks illuminate the Eiffel Tower in Paris during Bastille Day celebrations on Saturday. Bastille Day marks the‚Ä¶ https://t.co/jrdfd9MVyR,0.0,0.0,1.0,0.0,11
312,@FoxNews,Sun Jul 15 00:50:00 +0000 2018,MONDAY: Chris Wallace sits down for an exclusive interview with Russian President Vladimir Putin following the summ‚Ä¶ https://t.co/QMUwJiVkk4,0.128,0.081,0.919,0.0,12
313,@FoxNews,Sun Jul 15 00:45:16 +0000 2018,".@DiamondandSilk on Peter Strzok: ""We want answers from him."" @WattersWorld https://t.co/OKFrRUkd8S",0.0772,0.115,0.885,0.0,13
314,@FoxNews,Sun Jul 15 00:43:27 +0000 2018,‚ÄòPretty plane girl‚Äô slams passenger for sharing ‚Äòfalse‚Äô viral ‚ÄòPlane bae‚Äô story to Twitter without consent https://t.co/TGDFt4mlpN,0.281,0.144,0.771,0.086,14
315,@FoxNews,Sun Jul 15 00:38:49 +0000 2018,.@SecPompeo: Trump-Putin summit should proceed https://t.co/DeAgnC4mCK,0.0,0.0,1.0,0.0,15
316,@FoxNews,Sun Jul 15 00:35:00 +0000 2018,An MV-22B Osprey tiltrotor aircraft sits on display through a firework show during the Marine Corps Air Station Fut‚Ä¶ https://t.co/bqblXorf9U,0.0,0.0,1.0,0.0,16
317,@FoxNews,Sun Jul 15 00:28:44 +0000 2018,".@KimStrassel on Strzok hearing: ""This is the @FBI continuing to obstruct congressional oversight."" @WattersWorld https://t.co/2xUTBtWyIb",0.0,0.0,1.0,0.0,17
318,@FoxNews,Sun Jul 15 00:09:53 +0000 2018,OPINION: My baby nephew was dying and his mother's response was unforgettable https://t.co/RfNT4KHBmx,0.0,0.0,1.0,0.0,18
319,@FoxNews,Sun Jul 15 00:07:38 +0000 2018,"Jaguar escapes captivity in New Orleans, killing 6 other animals before being sedated https://t.co/Vf4GSketys",-0.5994,0.089,0.651,0.26,19
320,@FoxNews,Sun Jul 15 00:02:55 +0000 2018,"Russia not attacking midterms on same 'scale or scope' as in 2016, Nielsen says https://t.co/yE9yols4EG",0.357,0.15,0.85,0.0,20
321,@FoxNews,Sat Jul 14 23:53:15 +0000 2018,Senate Democrats are gearing up to fight Brett Kavanaugh's Supreme Court nomination; Lauren Green reports.‚Ä¶ https://t.co/BLjXm9X3Dh,0.25,0.178,0.693,0.129,21
322,@FoxNews,Sat Jul 14 23:43:07 +0000 2018,".@SenWarren on Brett Kavanaugh: ""Trump didn't name someone who would stand up for working people the way he promise‚Ä¶ https://t.co/5rh5J9jWjV",0.0,0.0,1.0,0.0,22
323,@FoxNews,Sat Jul 14 23:35:51 +0000 2018,"Sen. @LindseyGrahamSC: ""I have a lot of faith in President Trump. Bush misread Putin. Putin ran over Obama because‚Ä¶ https://t.co/6V4yiSfgqQ",0.1779,0.128,0.776,0.096,23
324,@FoxNews,Sat Jul 14 23:35:00 +0000 2018,"Don‚Äôt miss a special @FoxandFriends live from Helsinki, Sunday at 6a ET! https://t.co/UGzyDSS1zV",0.3382,0.205,0.685,0.11,24
325,@FoxNews,Sat Jul 14 23:34:05 +0000 2018,".@GillianHTurner: ""In a new 29-page indictment the DOJ released [Friday] the Russia special counsel draws a direct‚Ä¶ https://t.co/DRkpZcFe2h",0.4019,0.153,0.847,0.0,25
326,@FoxNews,Sat Jul 14 23:29:38 +0000 2018,President @realDonaldTrump and Russian President Vladimir Putin will meet Monday in Helsinki; @kevincorke reports.‚Ä¶ https://t.co/sQPQXqtx3g,0.0,0.0,1.0,0.0,26
327,@FoxNews,Sat Jul 14 23:11:04 +0000 2018,Florida man warns about saltwater poisoning after dog dies days after beach trip https://t.co/BZqLVmwPFq,-0.6369,0.0,0.698,0.302,27
328,@FoxNews,Sat Jul 14 22:58:41 +0000 2018,"Benham Ben Taleblu: ""@POTUS hit it perfectly when he was talking about the German contradiction which is, here's a‚Ä¶ https://t.co/bzLoljROdL",0.4939,0.174,0.744,0.083,28
329,@FoxNews,Sat Jul 14 22:50:45 +0000 2018,Trump blames Obama administration after Russia indictments: 'Why didn't they do something about it?' https://t.co/iVUSyCFRb2,-0.4019,0.0,0.838,0.162,29
330,@FoxNews,Sat Jul 14 22:38:01 +0000 2018,".@JohnGaramendi on Trump, Putin meeting: ""I think the meeting should take place because it is a necessity for‚Ä¶ https://t.co/CCCbl2cHdd",0.0,0.0,1.0,0.0,30
331,@FoxNews,Sat Jul 14 22:30:03 +0000 2018,Fox News Poll: Should President Trump meet with Russian President Vladimir Putin. https://t.co/C9RQuNcjli,0.0,0.0,1.0,0.0,31
332,@FoxNews,Sat Jul 14 22:25:16 +0000 2018,Woman wanted for grand theft goes missing after her husband dies with lethal levels of Benadryl in his system https://t.co/srGoRMsUuT,0.2023,0.129,0.776,0.095,32
333,@FoxNews,Sat Jul 14 22:19:37 +0000 2018,Ken Starr on Supreme Court Nominee Kavanaugh: He 'Deserves Confirmation Overwhelmingly' https://t.co/5ZaQKKYYY2,0.4767,0.238,0.662,0.099,33
334,@FoxNews,Sat Jul 14 22:09:26 +0000 2018,Haitian prime minister resigns after widespread protests over fuel price hike https://t.co/W70RwW7QJN,-0.4939,0.0,0.704,0.296,34
335,@FoxNews,Sat Jul 14 21:57:34 +0000 2018,Mom of Waffle House shooting survivor gets wedding dress for waitress who saved son's life https://t.co/2YzczpVmzP,0.6486,0.275,0.725,0.0,35
336,@FoxNews,Sat Jul 14 21:49:00 +0000 2018,MONDAY: Chris Wallace sits down for an exclusive interview with Russian President Vladimir Putin following the summ‚Ä¶ https://t.co/li0ZrixvsG,0.128,0.081,0.919,0.0,36
337,@FoxNews,Sat Jul 14 21:38:17 +0000 2018,OPINION: We need to hear more about anti-Trump bias by the FBI and Mueller's team -- House hearing must not be the‚Ä¶ https://t.co/beDMTGG0u6,-0.1689,0.0,0.93,0.07,37
338,@FoxNews,Sat Jul 14 21:32:00 +0000 2018,"New York boy, 3, sings national anthem at baseball game in adorable video #ProudAmerican  https://t.co/juLD2qOhoA",0.4939,0.186,0.814,0.0,38
339,@FoxNews,Sat Jul 14 21:26:59 +0000 2018,'Papa John' Schnatter claims he was ‚Äòpushed‚Äô to use n-word https://t.co/exI8jVHsEN,0.0,0.0,1.0,0.0,39
340,@FoxNews,Sat Jul 14 21:21:55 +0000 2018,Defense Sec. James Mattis met with Balkan defense chiefs ahead of the Russia summit; @JenGriffinFNC reports. https://t.co/LFPkh5kWIm,0.25,0.167,0.833,0.0,40
341,@FoxNews,Sat Jul 14 21:18:52 +0000 2018,Mixed emotions in Balkans over Croatia's World Cup success https://t.co/HjViF2RVQ6,0.5719,0.291,0.709,0.0,41
342,@FoxNews,Sat Jul 14 21:15:21 +0000 2018,Ken Starr on Supreme Court Nominee Kavanaugh: He 'Deserves Confirmation Overwhelmingly' https://t.co/NqY8Z6wP2V https://t.co/qL9H1wT4BB,0.4767,0.224,0.683,0.093,42
343,@FoxNews,Sat Jul 14 21:13:15 +0000 2018,President @realDonaldTrump and Russian President Vladimir Putin will meet in Helsinki on Monday; @kevincorke report‚Ä¶ https://t.co/7pmrHY6uxs,0.0,0.0,1.0,0.0,43
344,@FoxNews,Sat Jul 14 21:11:20 +0000 2018,Trump supporters turn out in London a day after protests https://t.co/ntCJCB9Rhc,0.25,0.227,0.625,0.148,44
345,@FoxNews,Sat Jul 14 21:05:30 +0000 2018,"Waves caused by high tide envelops a man standing outside his house near the Arabian Sea in Mumbai, India. The man‚Ä¶ https://t.co/fSEsyTkyy2",0.0,0.0,1.0,0.0,45
346,@FoxNews,Sat Jul 14 21:02:18 +0000 2018,"RT @EricShawnTV: We're on! One hour down, two to go @FoxNews. The @POTUS @realDonaldTrump and Vladimir Putin meeting. How should Putin be p‚Ä¶",0.0,0.0,1.0,0.0,46
347,@FoxNews,Sat Jul 14 21:00:00 +0000 2018,"On an all-new 'OBJECTified,' @KrisJenner sits down with @harveylevintmz to discuss her journey ‚Äì and the events tha‚Ä¶ https://t.co/H9ZQ9mTEMg",0.0,0.0,1.0,0.0,47
348,@FoxNews,Sat Jul 14 20:58:19 +0000 2018,".@RepDeSantis: ‚ÄúI think Strzok‚Äôs testimony really left a lot of American frustrated because he was not honest, not‚Ä¶ https://t.co/ri0TqkQc2r",-0.7271,0.0,0.724,0.276,48
349,@FoxNews,Sat Jul 14 20:56:48 +0000 2018,"Dan Springer: ""The Trump administration is making significant progress in reuniting immigrant children with their p‚Ä¶ https://t.co/JLGQqd1OA9",0.5574,0.235,0.765,0.0,49
350,@FoxNews,Sat Jul 14 20:43:42 +0000 2018,".@HillaryClinton: ""I believe with all my heart that the test of any society is how we treat the most vulnerable amo‚Ä¶ https://t.co/APZNWcuFNP",0.1298,0.108,0.803,0.088,50
351,@FoxNews,Sat Jul 14 20:36:46 +0000 2018,"Following former FBI lawyer Lisa Page's closed-door session with lawmakers, @RepMarkMeadows said he believes Page i‚Ä¶ https://t.co/4KJEwfbBGs",0.0,0.0,1.0,0.0,51
352,@FoxNews,Sat Jul 14 20:35:54 +0000 2018,"Indiana patrol officer rescues, later adopts dog after finding it shot in face, covered in bleach https://t.co/SIK1oFjt6j",0.4588,0.211,0.789,0.0,52
353,@FoxNews,Sat Jul 14 20:15:40 +0000 2018,".@GillianHTurner: ""In a new 29-page indictment the DOJ released [Friday] the Russia special counsel draws a direct‚Ä¶ https://t.co/Ewncn11fvB",0.4019,0.153,0.847,0.0,53
354,@FoxNews,Sat Jul 14 20:08:35 +0000 2018,Trump supporters turn out in London a day after protests https://t.co/pUAsSbIZ9r,0.25,0.227,0.625,0.148,54
355,@FoxNews,Sat Jul 14 20:03:55 +0000 2018,Taylor Swift jokes she's 'third wheel' after fan proposes to girlfriend in front of surprised pop star https://t.co/ZpbfI2962I,0.7184,0.364,0.636,0.0,55
356,@FoxNews,Sat Jul 14 19:51:58 +0000 2018,".@KimStrassel: ""If the American people are to have a prayer of ever finding out what the FBI did in 2016 with regar‚Ä¶ https://t.co/A2xoHPWUp0",0.0,0.0,1.0,0.0,56
357,@FoxNews,Sat Jul 14 19:45:06 +0000 2018,".@marykissel on Vladimir Putin: ""How can you trust him when he's embarrassing President @realDonaldTrump in Syria,‚Ä¶ https://t.co/gYfY77B6Wa",0.1779,0.158,0.718,0.124,57
358,@FoxNews,Sat Jul 14 19:44:06 +0000 2018,"Swing-vote senators signal potential support for Kavanaugh, despite well-funded left-wing pressure https://t.co/FFdEqRZhtC",0.5556,0.315,0.685,0.0,58
359,@FoxNews,Sat Jul 14 19:34:28 +0000 2018,".@marykissel on Trump, Putin summit: ""I think @realDonaldTrump just wants to get along, frankly. And I think he'd l‚Ä¶ https://t.co/GuZr6sQPaN",0.0,0.0,1.0,0.0,59
360,@FoxNews,Sat Jul 14 19:29:13 +0000 2018,'CSI' episode helps Florida police solve a fake murder https://t.co/Ykwc1Nz5UK,-0.6597,0.256,0.291,0.453,60
361,@FoxNews,Sat Jul 14 19:21:15 +0000 2018,".@wjmcgurn on Brett Kavanaugh: ""He's not the kind of guy who wants to be a celebrity judge that Anthony Kennedy enj‚Ä¶ https://t.co/4tYIoEmAsa",0.0,0.0,1.0,0.0,61
362,@FoxNews,Sat Jul 14 19:06:57 +0000 2018,OPINION: A Purple Heart for disgraced FBI agent Strzok? The very suggestion is an insult to the military https://t.co/6YoHkTbooI,-0.743,0.0,0.717,0.283,62
363,@FoxNews,Sat Jul 14 19:03:36 +0000 2018,".@esaagar on Lisa Page testimony: ""She is willing to talk about more of the details of the origination of the Trump‚Ä¶ https://t.co/zs6IHbe8rd",0.0,0.0,1.0,0.0,63
364,@FoxNews,Sat Jul 14 19:00:32 +0000 2018,".@esaagar on Lisa Page testimony: ""We are going to learn more especially if she is willing to speak publicly before‚Ä¶ https://t.co/RJ5IpzmxrR",0.0,0.0,1.0,0.0,64
365,@FoxNews,Sat Jul 14 18:52:22 +0000 2018,".@RepMarkMeadows: ""I can tell you Lisa Page is a very credible witness. She's doing her best to help us find the tr‚Ä¶ https://t.co/b9ov1aDUnE",0.7845,0.257,0.743,0.0,65
366,@FoxNews,Sat Jul 14 18:50:59 +0000 2018,RT @EricShawnTV: A special 3 hour Saturday! I anchor starting at 4 pm EDT @FoxNews with @ArthelNeville. The #RussianHacking. What should @P‚Ä¶,0.4574,0.15,0.85,0.0,66
367,@FoxNews,Sat Jul 14 18:45:11 +0000 2018,"Alina Polyakova: ""Putin is going to want to have an olive branch that he can extend to @POTUS to say, 'look I'm a t‚Ä¶ https://t.co/hkwcWuI7hh",0.25,0.12,0.88,0.0,67
368,@FoxNews,Sat Jul 14 18:41:52 +0000 2018,"Alina Polyakova on Trump-Putin summit: ""[@POTUS] holds all the cards ahead of this meeting."" https://t.co/xdNPTqUqPM https://t.co/ZZ6sAq3RU2",0.0,0.0,1.0,0.0,68
369,@FoxNews,Sat Jul 14 18:36:29 +0000 2018,Fox News Poll: Robert Mueller's investigation of the Trump campaign and Russia. https://t.co/t6USAF0GQR,0.0,0.0,1.0,0.0,69
370,@FoxNews,Sat Jul 14 18:35:16 +0000 2018,"Whitney Boan: ""We have this indictment, and that doesn't mean that this is the last indictment."" https://t.co/JKYhIynNDL",0.0,0.0,1.0,0.0,70
371,@FoxNews,Sat Jul 14 18:28:01 +0000 2018,Serena Williams loses to Angelique Kerber in Wimbledon final; dedicates performance to 'all the moms out there' https://t.co/IF6eJoQwAY,-0.3182,0.0,0.881,0.119,71
372,@FoxNews,Sat Jul 14 18:10:04 +0000 2018,Virtual reality developers aim to spark tech boom in the Deep South https://t.co/kGNnSFQqge,0.2263,0.137,0.863,0.0,72
373,@FoxNews,Sat Jul 14 18:05:39 +0000 2018,".@kevincorke: ""A bit of breaking news - Fox News can confirm that @POTUS and President Vladimir Putin will conduct‚Ä¶ https://t.co/bElJ5ZYF8Y",0.0,0.0,1.0,0.0,73
374,@FoxNews,Sat Jul 14 18:00:00 +0000 2018,TONIGHT: Don‚Äôt miss ‚ÄúFox Report with Jon Scott‚Äù at 7p ET on Fox News Channel! @JonScottFNC https://t.co/cv5d2FWMxo,-0.2244,0.0,0.894,0.106,74
375,@FoxNews,Sat Jul 14 17:59:50 +0000 2018,Minnesota authorities investigating after teen fatally shot by deputies https://t.co/X3ti1h2Igh,-0.6369,0.0,0.682,0.318,75
376,@FoxNews,Sat Jul 14 17:55:00 +0000 2018,".@RepAndyBiggsAZ: ""Here's a guy with literally hundreds - maybe thousands - of text messages showing bias, and he's‚Ä¶ https://t.co/FOAFhPkPIP",-0.1027,0.0,0.915,0.085,76
377,@FoxNews,Sat Jul 14 17:48:00 +0000 2018,"Ed Rollins on Trump/Putin summit: ""This is going to be a test of wills."" https://t.co/1yypK7TIPS",0.0,0.0,1.0,0.0,77
378,@FoxNews,Sat Jul 14 17:36:00 +0000 2018,".@HeatherZuma: ""@POTUS's tax cuts are really fueling this economy."" https://t.co/Xh2Tn9TslR",-0.296,0.0,0.804,0.196,78
379,@FoxNews,Sat Jul 14 17:30:00 +0000 2018,"In an interview on @foxandfriends, Democratic Congressman @RepTimRyan discussed his economic philosophy.‚Ä¶ https://t.co/ThHI2JQ2uO",0.0,0.0,1.0,0.0,79
380,@FoxNews,Sat Jul 14 17:27:55 +0000 2018,'Super Judgmental': @RepTimRyan Reacts to @NancyPelosi's Remark That He Is 'Inconsequential' https://t.co/OGOZgSryKu,0.5994,0.262,0.738,0.0,80
381,@FoxNews,Sat Jul 14 17:23:00 +0000 2018,".@RepDanKildee: ""Obviously, in retrospect, we all wish that there would've been much firmer and more bold action ag‚Ä¶ https://t.co/JuLJHChChh",0.6801,0.248,0.752,0.0,81
382,@FoxNews,Sat Jul 14 17:18:00 +0000 2018,".@gen_jackkeane: ""The NATO summit [was] largely successful."" https://t.co/EzYv3tZGUO",0.0,0.0,1.0,0.0,82
383,@FoxNews,Sat Jul 14 17:16:09 +0000 2018,"Woman admits to killing her father after finding his child pornography collection, including photos of herself https://t.co/1gXPSkV1WM",-0.4939,0.102,0.694,0.204,83
384,@FoxNews,Sat Jul 14 17:08:03 +0000 2018,"'A Step in the Right Direction': @GiannoCaldwell Praises Trump DOJ After 1955 Emmett Till Case Reopened
https://t.co/LPzMLzaemb",0.5267,0.175,0.825,0.0,84
385,@FoxNews,Sat Jul 14 17:00:00 +0000 2018,"On ""Cavuto Live,"" @SenMikeLee slammed @HillaryClinton for her comments about Justice Brett Kavanaugh.‚Ä¶ https://t.co/xOIYX4MvDy",0.5267,0.207,0.793,0.0,85
386,@FoxNews,Sat Jul 14 16:49:00 +0000 2018,".@AlanDersh: ""There's no need for a special counsel to do the kind of investigation that led to this indictment.""‚Ä¶ https://t.co/eXoogAkQj3",0.128,0.123,0.776,0.1,86
387,@FoxNews,Sat Jul 14 16:47:55 +0000 2018,Chris Wallace Announces Exclusive Interview With Vladimir Putin Monday After Trump Summit https://t.co/X4a3okDE8C,0.128,0.111,0.889,0.0,87
388,@FoxNews,Sat Jul 14 16:45:03 +0000 2018,"President @realDonaldTrump waves to protesters while playing golf at Turnberry golf club, in Scotland. A dozen demo‚Ä¶ https://t.co/Q6ZyxoAApR",-0.0258,0.096,0.802,0.102,88
389,@FoxNews,Sat Jul 14 16:36:15 +0000 2018,"A newborn giraffe born at wildlife conservation center The Wilds in Cumberland, Ohio, was caught on camera attempti‚Ä¶ https://t.co/Kc6xlMJJb1",0.0,0.0,1.0,0.0,89
390,@FoxNews,Sat Jul 14 16:31:28 +0000 2018,"JUST IN: Serena Williams loses in straight sets to Angelique Kerber in Wimbledon final, just 10 months after giving‚Ä¶ https://t.co/f1mmnd8uOq",-0.1027,0.086,0.811,0.104,90
391,@FoxNews,Sat Jul 14 16:30:54 +0000 2018,.@RepDeSantis Blasts Strzok After House Hearing: 'Why Is He Still Getting a Paycheck?' https://t.co/6DCqTk5WIH https://t.co/cGIRNG7fUY,0.0,0.0,1.0,0.0,91
392,@FoxNews,Sat Jul 14 16:29:00 +0000 2018,"In a speech yesterday, @HillaryClinton called the Supreme Court nomination of Brett Kavanaugh an obvious attempt to‚Ä¶ https://t.co/UZIWX70jab",0.5574,0.184,0.816,0.0,92
393,@FoxNews,Sat Jul 14 16:22:40 +0000 2018,Fox News Poll: @POTUS on Russia. https://t.co/GaVfBoFoPR,0.0,0.0,1.0,0.0,93
394,@FoxNews,Sat Jul 14 16:19:02 +0000 2018,"Billy Bush's wife, Sydney Davis, files for divorce after nearly 20 years of marriage: report https://t.co/QM3fisBQAk",0.0,0.0,1.0,0.0,94
395,@FoxNews,Sat Jul 14 16:16:00 +0000 2018,Fox News Poll: Would you vote to confirm Supreme Court nominee Brett Kavanaugh? https://t.co/L4A8HTQMsL,0.5574,0.217,0.783,0.0,95
396,@FoxNews,Sat Jul 14 16:09:08 +0000 2018,WATCH: Protesters Yell 'Shame' at Ivanka Trump as She Attends Roundtable in NY https://t.co/RLPws7eJ9q,-0.2263,0.0,0.872,0.128,96
397,@FoxNews,Sat Jul 14 16:01:00 +0000 2018,"Ahead of the Trump-Putin summit, don‚Äôt miss a powerful @FoxNewsSunday from Helsinki! Check your local listings and‚Ä¶ https://t.co/FCkpl3Dau3",0.3595,0.157,0.762,0.081,97
398,@FoxNews,Sat Jul 14 15:45:00 +0000 2018,"On an all-new 'OBJECTified,' @KrisJenner sits down with @harveylevintmz to discuss her journey ‚Äì and the events tha‚Ä¶ https://t.co/29Cbi5M5s5",0.0,0.0,1.0,0.0,98
399,@FoxNews,Sat Jul 14 15:43:34 +0000 2018,"Ken Starr: ""Brett Kavanaugh is truly an outstanding candidate who deserves confirmation overwhelmingly."" #Cavuto https://t.co/4QeSGxehkj",0.7845,0.347,0.653,0.0,99
400,@nytimes,Sun Jul 15 02:13:14 +0000 2018,"Garlic, anchovies, capers and tuna come together in this briny, tomato-less take on the classic pasta puttanesca‚Ä¶ https://t.co/JBCOFweOsT",0.0,0.0,1.0,0.0,0
401,@nytimes,Sun Jul 15 01:56:10 +0000 2018,Angela Ponce will become the first transgender woman to compete in the Miss Universe pageant. But she is also on a‚Ä¶ https://t.co/U1kqn4LArl,-0.1531,0.0,0.929,0.071,1
402,@nytimes,Sun Jul 15 01:39:40 +0000 2018,"Retail is an incredibly gender-delineated space. So what does a ""gender-free"" store look like?https://t.co/g9ALur4LC2",0.0,0.0,1.0,0.0,2
403,@nytimes,Sun Jul 15 01:23:20 +0000 2018,Why is there a life-size replica of a Harlem block in a Swedish forest? A photographer visited Potemkin villages ar‚Ä¶ https://t.co/P4CvDG6PKT,-0.4404,0.0,0.847,0.153,3
404,@nytimes,Sun Jul 15 01:07:13 +0000 2018,Death Toll in Pakistan Suicide Bombing Rises to 128 https://t.co/t1RikLuffZ,-0.8555,0.0,0.488,0.512,4
405,@nytimes,Sun Jul 15 01:00:02 +0000 2018,"Influential judge, conservative warrior, Washington insider: beyond the carefully shaped narrative of President Tru‚Ä¶ https://t.co/yDJ4JDSFsa",0.5267,0.253,0.747,0.0,5
406,@nytimes,Sun Jul 15 00:31:01 +0000 2018,This has been the Google Translate World Cup https://t.co/dZ3jxtttNI,0.0,0.0,1.0,0.0,6
407,@nytimes,Sun Jul 15 00:18:33 +0000 2018,Haiti‚Äôs Prime Minister Quits Amid Protests Over Fuel Plan https://t.co/PiUs4sW92S,-0.2263,0.0,0.826,0.174,7
408,@nytimes,Sun Jul 15 00:12:24 +0000 2018,"Our 52 Places traveler shares what she uses to make photos and videos, charge devices and organize all those travel‚Ä¶ https://t.co/yYEy9F6nEi",0.296,0.099,0.901,0.0,8
409,@nytimes,Sat Jul 14 23:56:17 +0000 2018,The Ethicist: Should I Tell My Siblings About Mom‚Äôs Affair? https://t.co/piKcRXriDO,0.0,0.0,1.0,0.0,9
410,@nytimes,Sat Jul 14 23:54:13 +0000 2018,Don‚Äôt be surprised if a TSA agent asks you to remove food from your carry-on https://t.co/QLWqf0cFrS,0.2263,0.119,0.881,0.0,10
411,@nytimes,Sat Jul 14 23:38:43 +0000 2018,Losing Yourself in a Good Book https://t.co/HS3q6QeVKL,0.0772,0.305,0.421,0.274,11
412,@nytimes,Sat Jul 14 23:35:30 +0000 2018,Two Student Protesters Killed in Nicaragua Church Siege https://t.co/PHVzrKGd1c,-0.7506,0.0,0.522,0.478,12
413,@nytimes,Sat Jul 14 23:28:19 +0000 2018,news analysis: Forget a Fast Car. Creativity Is the New Midlife Crisis Cure. https://t.co/7nV0h9rpY2,-0.5267,0.14,0.538,0.323,13
414,@nytimes,Sat Jul 14 23:16:40 +0000 2018,Michael Avenatti thinks he can bring down the president ‚Äî one cable-news hit at a time https://t.co/G3Gr75JHWD,0.0,0.0,1.0,0.0,14
415,@nytimes,Sat Jul 14 22:57:40 +0000 2018,Judge Criticizes Trump Administration for Response to Family Reunification Order https://t.co/un3jhf6YVW,-0.34,0.0,0.806,0.194,15
416,@nytimes,Sat Jul 14 22:45:52 +0000 2018,"Some small studies suggest that spending time in nature, specifically in lush forests, might improve your health https://t.co/863ha9bvMN",0.4404,0.146,0.854,0.0,16
417,@nytimes,Sat Jul 14 22:28:16 +0000 2018,"‚ÄòDownloadable Gun‚Äô Clears a Legal Obstacle, and Activists Are Alarmed https://t.co/2HattY9FnZ",-0.4767,0.204,0.438,0.358,17
418,@nytimes,Sat Jul 14 22:17:48 +0000 2018,"In Opinion

Op-Ed columnist Maureen Dowd writes, ‚ÄúTrump has certainly made political discourse more crude and belli‚Ä¶ https://t.co/TaFe8ohFuk",-0.3804,0.107,0.715,0.178,18
419,@nytimes,Sat Jul 14 22:00:06 +0000 2018,"In retrospect, Brett Kavanaugh's climb to a justice‚Äôs seat may seem calculated ‚Äî from pursuing jobs that put him cl‚Ä¶ https://t.co/GzluXCVkrb",0.0,0.0,1.0,0.0,19
420,@nytimes,Sat Jul 14 21:45:06 +0000 2018,"This Bastille Day, master the essentials of French cooking https://t.co/zBo5E07oLz https://t.co/P1H9XscD5f",0.0,0.0,1.0,0.0,20
421,@nytimes,Sat Jul 14 21:30:09 +0000 2018,"At a Kentucky restaurant taking on the opioid crisis, cooking is ‚Äú100% therapy‚Äù https://t.co/uVMS7Dkv5P",-0.6249,0.0,0.745,0.255,21
422,@nytimes,Sat Jul 14 21:22:04 +0000 2018,RT @kzernike: ‚ÄúPretend you‚Äôre a man‚Äù didn‚Äôt work.  https://t.co/1rFVZmJseo,0.0,0.0,1.0,0.0,22
423,@nytimes,Sat Jul 14 21:15:05 +0000 2018,"Thanks to a legal settlement with the U.S. government, a Texas gun enthusiast and free speech advocate can resume p‚Ä¶ https://t.co/uWjm9JhUBR",0.7783,0.383,0.526,0.09,23
424,@nytimes,Sat Jul 14 21:00:02 +0000 2018,"8 black rhinos died in Kenya after being transported to a sanctuary meant to help preserve the endangered species,‚Ä¶ https://t.co/Bf5CYaO3xA",-0.2263,0.121,0.717,0.161,24
425,@nytimes,Sat Jul 14 20:45:06 +0000 2018,"A severe drought in Ireland revealed the outline of a henge that may have been standing 5,000 years ago https://t.co/4kEBft70Om",-0.3818,0.0,0.867,0.133,25
426,@nytimes,Sat Jul 14 20:30:07 +0000 2018,"After 2 police officers in Georgia stopped a driver for speeding, they used a coin-tossing app while deciding wheth‚Ä¶ https://t.co/R44hJwxMnl",-0.2263,0.0,0.894,0.106,26
427,@nytimes,Sat Jul 14 20:15:05 +0000 2018,The spectacle of a president bashing his nation‚Äôs news organizations on foreign soil ‚Äî in scenes broadcast live aro‚Ä¶ https://t.co/RLCROwQbGZ,0.0,0.0,1.0,0.0,27
428,@nytimes,Sat Jul 14 20:00:11 +0000 2018,"Put away the suit, bring along the kids, show that tattoo. No longer conforming to stereotypes, female candidates a‚Ä¶ https://t.co/VfcjFpUzrj",-0.296,0.0,0.896,0.104,28
429,@nytimes,Sat Jul 14 19:45:06 +0000 2018,"In Opinion

Roberto Rey Agudo writes, ""To say that someone does not have an accent is as believable as saying that‚Ä¶ https://t.co/OKkJ7atgA4",0.0,0.0,1.0,0.0,29
430,@nytimes,Sat Jul 14 19:30:14 +0000 2018,"As Brett Kavanaugh prepares to persuade the Senate that he's suited for the Supreme Court, he takes on something at‚Ä¶ https://t.co/caXFUP3yka",0.5574,0.153,0.847,0.0,30
431,@nytimes,Sat Jul 14 19:15:11 +0000 2018,House hunting goes virtual https://t.co/L8wVu0x49v,0.0,0.0,1.0,0.0,31
432,@nytimes,Sat Jul 14 19:00:10 +0000 2018,Are you a full-time teacher with a second job to supplement your salary? Share your story.  https://t.co/eO0syfNMA2,0.296,0.136,0.864,0.0,32
433,@nytimes,Sat Jul 14 18:45:06 +0000 2018,"‚ÄúWithout you I am like a coloring book with no color. I am the structure, but you are the color."" https://t.co/TXJ1qNpcEF",0.0387,0.09,0.827,0.083,33
434,@nytimes,Sat Jul 14 18:30:17 +0000 2018,These women were told not to play soccer. Instead they formed a team. https://t.co/sQDp0x7wyw https://t.co/5EKZkFn866,-0.2584,0.0,0.865,0.135,34
435,@nytimes,Sat Jul 14 18:15:04 +0000 2018,"Residents of one of Mexico‚Äôs rainiest regions often have no water to drink, so many hydrate with soda. The impact o‚Ä¶ https://t.co/iQHVwZpXkT",-0.296,0.0,0.905,0.095,35
436,@nytimes,Sat Jul 14 18:00:04 +0000 2018,"When the 2 leaders sit down in Finland, Trump‚Äôs abiding desire to win over Vladimir Putin will loom as a powerful d‚Ä¶ https://t.co/9xMAYVnWoS",0.8126,0.33,0.603,0.067,36
437,@nytimes,Sat Jul 14 17:45:08 +0000 2018,"Leading up to his weekend in Scotland, Trump has managed to repeatedly plug his Turnberry golf resort, alarming eth‚Ä¶ https://t.co/ftr0hvb6cl",-0.128,0.0,0.927,0.073,37
438,@nytimes,Sat Jul 14 17:30:07 +0000 2018,"""We‚Äôre trying to tell as many black stories as possible and resist one-dimensional representations"" https://t.co/BWHaZFySHp",0.0,0.0,1.0,0.0,38
439,@nytimes,Sat Jul 14 17:15:06 +0000 2018,"We chart America‚Äôs complicated history of infant feeding, starting with the spread of formula https://t.co/Z3W4t123ij",0.0,0.0,1.0,0.0,39
440,@nytimes,Sat Jul 14 17:00:04 +0000 2018,"For Isabella and thousands of other migrant parents hoping to be reunited with their children, part of the trauma h‚Ä¶ https://t.co/bfQKyEd241",0.0,0.114,0.772,0.114,40
441,@nytimes,Sat Jul 14 16:45:07 +0000 2018,"Many Democrats are outmatched by Republicans when it comes to tech-savvy campaigning. A network of 4,500 tech worke‚Ä¶ https://t.co/IvMOv5Wp08",0.0,0.0,1.0,0.0,41
442,@nytimes,Sat Jul 14 16:35:03 +0000 2018,"RT @nytopinion: After World War II, many Germans saw America as the guarantor of the liberal democratic order. It‚Äôs a shock to them that th‚Ä¶",-0.7579,0.0,0.772,0.228,42
443,@nytimes,Sat Jul 14 16:24:19 +0000 2018,"Breaking News: Angelique Kerber won her first Wimbledon title by beating Serena Williams, who was seeking a Grand S‚Ä¶ https://t.co/zyBj8neRLy",0.5719,0.261,0.623,0.117,43
444,@nytimes,Sat Jul 14 16:20:06 +0000 2018,An ode to old maids everywhere https://t.co/dMWlTP7kmA,0.0,0.0,1.0,0.0,44
445,@nytimes,Sat Jul 14 16:05:02 +0000 2018,"Trump's Supreme Court nominee has talked a lot about his mother, the public servant. Just as influential in his lif‚Ä¶ https://t.co/Kd6nSbsFnt",0.7579,0.265,0.735,0.0,45
446,@nytimes,Sat Jul 14 15:50:02 +0000 2018,"Nancy Barbato Sinatra, who has died at 101, remained Frank Sinatra's confidante for decades after their divorce in‚Ä¶ https://t.co/4my80b7Iej",-0.5574,0.0,0.833,0.167,46
447,@nytimes,Sat Jul 14 15:35:05 +0000 2018,"No sitting on the floor, no hugging your siblings, and it‚Äôs best not to cry: Migrant children describe life in dete‚Ä¶ https://t.co/P44lXjU2dR",0.7314,0.309,0.549,0.142,47
448,@nytimes,Sat Jul 14 15:20:03 +0000 2018,After years of being told to put on a suit and recite their r√©sum√© ‚Äî and smile! ‚Äî women running for office are thro‚Ä¶ https://t.co/wDfnVFGypy,0.4199,0.117,0.883,0.0,48
449,@nytimes,Sat Jul 14 15:05:06 +0000 2018,France eliminated Belgium. Croatia eliminated England. We eliminated the ‚öΩÔ∏ès from these World Cup semifinals photos‚Ä¶ https://t.co/TxBoEKnA0l,0.0,0.0,1.0,0.0,49
450,@nytimes,Sat Jul 14 14:50:04 +0000 2018,"The day Donald Trump publicly asked Russia to find Hillary Clinton‚Äôs emails in 2016, Russia began to target her ser‚Ä¶ https://t.co/aKEnltUVIh",0.0,0.0,1.0,0.0,50
451,@nytimes,Sat Jul 14 14:40:08 +0000 2018,"RT @karenyourish: Trump has spent 169 days of his presidency, or about 30% of his time in office, visiting Trump properties. He is spending‚Ä¶",0.0,0.0,1.0,0.0,51
452,@nytimes,Sat Jul 14 14:30:09 +0000 2018,"It was over in less than 20 seconds, but even casual followers of the monarchy were aghast  https://t.co/uIQwVwpJeB",-0.3919,0.1,0.726,0.175,52
453,@nytimes,Sat Jul 14 14:17:06 +0000 2018,"Found: A 2,000-year-old sarcophagus that was perfectly sealed.
Inside: Unclear. https://t.co/Lm9p1Gy87I",0.4939,0.296,0.563,0.141,53
454,@nytimes,Sat Jul 14 14:02:04 +0000 2018,"The new toll of student debt in 3 charts
https://t.co/bjepY6hUYb",-0.3612,0.0,0.762,0.238,54
455,@nytimes,Sat Jul 14 13:42:03 +0000 2018,Not sure what to do in NYC this weekend? We‚Äôve got you. https://t.co/bAq3dvD9gl,0.3182,0.161,0.839,0.0,55
456,@nytimes,Sat Jul 14 13:21:05 +0000 2018,"It's the universal World Cup ""oh no"" https://t.co/Acy0y21md6 https://t.co/Y7PfyUNho0",-0.296,0.0,0.784,0.216,56
457,@nytimes,Sat Jul 14 13:02:04 +0000 2018,Are you a grammar geek? Test your editing skills in our new quiz. https://t.co/jqqnQQOmiu,-0.2023,0.0,0.87,0.13,57
458,@nytimes,Sat Jul 14 12:42:05 +0000 2018,"While the names of FIFA leaders may have changed, the lavish benefits have not https://t.co/OrVIJDKzJD",0.3818,0.157,0.843,0.0,58
459,@nytimes,Sat Jul 14 12:21:06 +0000 2018,"Some small studies suggest that spending time in nature, specifically in lush forests, might improve your health https://t.co/wfDmohEEtI",0.4404,0.146,0.854,0.0,59
460,@nytimes,Sat Jul 14 12:02:04 +0000 2018,"This weekend, the World Cup final will be underway in Russia. Here's how the tournament ended up there. https://t.co/0DtzfJ51HF",0.0,0.0,1.0,0.0,60
461,@nytimes,Sat Jul 14 11:41:02 +0000 2018,RT @katierogers: .@dougmillsnyt is one of the keenest observers of the human condition in journalism (and in the world! Trump says. totally‚Ä¶,0.4926,0.132,0.868,0.0,61
462,@nytimes,Sat Jul 14 11:21:01 +0000 2018,The World Cup is about to get 50 percent larger. Hope you took the time to savor this one. https://t.co/S1KXhahyQ6,0.4404,0.132,0.868,0.0,62
463,@nytimes,Sat Jul 14 11:02:04 +0000 2018,RT @nytpolitics: Democrats demanded that President Trump cancel his summit with Vladimir Putin after 12 Russian intelligence officers are i‚Ä¶,0.0516,0.129,0.708,0.163,63
464,@nytimes,Sat Jul 14 10:52:59 +0000 2018,"John Liu Plots a Comeback Trail, Targeting a Renegade Democrat https://t.co/jVOJMq2k4L",0.0,0.0,1.0,0.0,64
465,@nytimes,Sat Jul 14 10:35:48 +0000 2018,"In Trump‚Äôs U.K. Visit, Some See ‚ÄòInfomercial‚Äô for Money-Losing Golf Resort https://t.co/9il1esJ738",0.0,0.0,1.0,0.0,65
466,@nytimes,Sat Jul 14 10:31:04 +0000 2018,"Video review made its debut at this World Cup, and it had an immediate impact https://t.co/gW9hVFyi2j",0.0,0.0,1.0,0.0,66
467,@nytimes,Sat Jul 14 10:14:48 +0000 2018,First Words: Americans Think ‚ÄòCorruption‚Äô Is Everywhere. Is That Why We Vote for It? https://t.co/xLD6P42SP1,0.0,0.0,1.0,0.0,67
468,@nytimes,Sat Jul 14 10:07:16 +0000 2018,"Sarcophagus Found. Contents Unknown. (‚ÄòNo Guessing, Please.‚Äô) https://t.co/nGSstHV6ve",0.0,0.0,1.0,0.0,68
469,@nytimes,Sat Jul 14 09:50:19 +0000 2018,"Glorious surprises seemed to lurk everywhere in Oslo, Norway https://t.co/HKAeEiagFg",0.6486,0.409,0.47,0.121,69
470,@nytimes,Sat Jul 14 09:32:02 +0000 2018,RT @tackettdc: In Ohio Special election a test for Democrats strength and Republican resolve  https://t.co/p4WXB4IjI8,0.8176,0.436,0.564,0.0,70
471,@nytimes,Sat Jul 14 09:10:05 +0000 2018,Phys Ed: Dog Walking Is Good for You. Provided You Do It. https://t.co/zuLXpClv7g,0.4404,0.195,0.805,0.0,71
472,@nytimes,Sat Jul 14 09:08:25 +0000 2018,RT @bxchen: Our writer with the best job in the world talks about the tech she uses https://t.co/VY6xJHYbOV,0.6369,0.198,0.802,0.0,72
473,@nytimes,Sat Jul 14 08:50:44 +0000 2018,"RT @nytimesarts: The director of the ""Whitney"" documentary explains how he got her family to open up about her childhood abuse. https://t.c‚Ä¶",-0.6369,0.0,0.833,0.167,73
474,@nytimes,Sat Jul 14 08:33:04 +0000 2018,"RT @nytimesworld: ‚ÄúHaving a vagina doesn‚Äôt make a woman,‚Äù said Angela Ponce, Spain's transgender competitor in the Miss Universe pageant. ‚Äú‚Ä¶",-0.1531,0.0,0.918,0.082,74
475,@nytimes,Sat Jul 14 08:09:19 +0000 2018,"A ""Downton Abbey"" movie is coming https://t.co/81TKuwcdp6",0.0,0.0,1.0,0.0,75
476,@nytimes,Sat Jul 14 07:51:52 +0000 2018,"They named it Ingentia prima, meaning ‚Äúthe first giant.‚Äù ‚ÄúThis new dinosaur changes our understanding of how dinosa‚Ä¶ https://t.co/47cDpDv68K",0.0,0.0,1.0,0.0,76
477,@nytimes,Sat Jul 14 07:33:06 +0000 2018,"RT @nytpolitics: Russia's largest spy agency has been implicated in the downing of a civilian airliner, armed operations in Syria and now t‚Ä¶",0.0,0.0,1.0,0.0,77
478,@nytimes,Sat Jul 14 07:06:06 +0000 2018,A painting worth $1 million has turned up 4 decades after it was stolen from a Manhattan warehouse https://t.co/evf9RPx918,-0.3182,0.099,0.733,0.168,78
479,@nytimes,Sat Jul 14 06:48:47 +0000 2018,"‚ÄúI still can‚Äôt believe it worked.‚Äù Inside the Thai soccer team's rescue: floating stretchers, anti-anxiety pills an‚Ä¶ https://t.co/E9RGJxfTSC",0.5106,0.163,0.837,0.0,79
480,@nytimes,Sat Jul 14 06:32:01 +0000 2018,"RT @nytimesworld: ""Pakistan is entering another period of prolonged political instability.‚Äù The arrest of former Prime Minister Nawaz Shari‚Ä¶",-0.34,0.0,0.882,0.118,80
481,@nytimes,Sat Jul 14 06:02:38 +0000 2018,"The Getty Museum has added a rare illuminated Torah, dating to 1296, to its trove of manuscripts https://t.co/0WC7D9weVF",0.0,0.0,1.0,0.0,81
482,@nytimes,Sat Jul 14 05:46:04 +0000 2018,Astronomers traced a neutrino back to a distant galaxy. ‚ÄúWe have found the first source of cosmic rays.‚Äù https://t.co/3PYngOHGLU,0.0,0.0,1.0,0.0,82
483,@nytimes,Sat Jul 14 05:32:02 +0000 2018,RT @NYTNational: The volunteers of The √Åguilas del Desierto - Eagles of the Desert - work to find bodies of immigrants who died while makin‚Ä¶,-0.5574,0.0,0.859,0.141,83
484,@nytimes,Sat Jul 14 05:06:06 +0000 2018,"Nancy Barbato Sinatra, an Idol‚Äôs First Wife and Lasting Confidante, Dies at 101 https://t.co/Q4xT0ZOktH",0.0,0.0,1.0,0.0,84
485,@nytimes,Sat Jul 14 04:55:42 +0000 2018,"""I get discriminated against all the time. No one thinks I‚Äôm a CEO. I sit on a plane and tell somebody, 'Well, I ru‚Ä¶ https://t.co/mjB9vBw1TZ",-0.296,0.0,0.901,0.099,85
486,@nytimes,Sat Jul 14 04:39:05 +0000 2018,"‚ÄúShe so ugly I almost threw up. Ew.‚Äù
‚ÄúI was just staring at your bbbooo.....i mean eyes.‚Äù
‚ÄúGo back to the kitchen a‚Ä¶ https://t.co/yRDgH7oKDf",-0.5563,0.0,0.86,0.14,86
487,@nytimes,Sat Jul 14 04:22:03 +0000 2018,"RT @NYTMetro: Designs include skulls, flaming hearts with swords piercing them, spiders, roses, jellyfish, an upside-down bat, and a unicor‚Ä¶",0.0,0.0,1.0,0.0,87
488,@nytimes,Sat Jul 14 04:11:38 +0000 2018,"Trump Walks in Front of Queen Elizabeth, Causing Social Media Frenzy https://t.co/22TQkfSosk",-0.3182,0.0,0.827,0.173,88
489,@nytimes,Sat Jul 14 04:02:05 +0000 2018,No one will win the Nobel Prize in Literature this year. But you ‚Äî along with the librarians of Sweden ‚Äî can help c‚Ä¶ https://t.co/rvMxGcauHt,0.8225,0.316,0.613,0.071,89
490,@nytimes,Sat Jul 14 03:47:03 +0000 2018,"Wilbur Ross, the commerce secretary, said he would sell all of his remaining stock holdings after a government watc‚Ä¶ https://t.co/Vnk0WRf50E",0.0,0.0,1.0,0.0,90
491,@nytimes,Sat Jul 14 03:39:42 +0000 2018,"A Giant Iceberg Parked Offshore. It‚Äôs Stunning, but Villagers Hit the Road. https://t.co/OU7lo9ldy0",0.2023,0.141,0.859,0.0,91
492,@nytimes,Sat Jul 14 03:32:04 +0000 2018,"In 21 trips Tom Price took as health secretary, 20 of them violated federal travel rules, an inspector general said https://t.co/22IkjNMj0U",-0.5267,0.0,0.855,0.145,92
493,@nytimes,Sat Jul 14 03:17:02 +0000 2018,RT @nytgraphics: How Russia hacked the D.N.C. and Hillary Clinton‚Äôs presidential campaign in 2016. https://t.co/6oO8BdTmDN,-0.4019,0.0,0.838,0.162,93
494,@nytimes,Sat Jul 14 03:02:03 +0000 2018,"Modern Love: What boxing taught me about love
https://t.co/rat4wkU5a2",0.8555,0.545,0.455,0.0,94
495,@nytimes,Sat Jul 14 02:47:06 +0000 2018,2 men pleaded guilty to manslaughter charges in the death of a fire chief in an explosion of a Bronx house that had‚Ä¶ https://t.co/0cFXitFTVz,-0.8807,0.0,0.603,0.397,95
496,@nytimes,Sat Jul 14 02:32:05 +0000 2018,"Dan Coats, the director of national intelligence, said that the persistent danger of Russian cyberattacks today was‚Ä¶ https://t.co/2LT5knHY2n",-0.0772,0.138,0.711,0.151,96
497,@nytimes,Sat Jul 14 02:17:03 +0000 2018,RT @nytopinion: The indictments against 12 Russian agents don't exonerate President Trump. On the contrary -- they should worry anyone work‚Ä¶,-0.6407,0.0,0.784,0.216,97
498,@nytimes,Sat Jul 14 02:02:03 +0000 2018,"In the tug of war between workers and investors over how to divvy up the nation's wealth, Americans living on a pay‚Ä¶ https://t.co/T5PibgTyjs",-0.1779,0.118,0.738,0.144,98
499,@nytimes,Sat Jul 14 01:48:04 +0000 2018,"A top Uber executive is under scrutiny for his comments on race and women, casting a shadow on the company‚Äôs effort‚Ä¶ https://t.co/5vQLWgA19B",0.2023,0.087,0.913,0.0,99
